"Codename","Pinned 93","Pinned 94","Pinned 96","Pinned 97","Pinned 98","Stable","Beta","Dev","Canary","Recovery","Brand names"
"asuka","NA","NA","NA","NA","NA","15437.42.0\n114.0.5735.119","15437.31.0\n114.0.5735.84","15437.8.0\n114.0.5735.12","15435.0.0\n114.0.5728.0","NA","Dell Chromebook 13 (3380)"
"asurada","NA","NA","NA","NA","NA","16033.51.0\n130.0.6723.101","16063.23.0\n131.0.6778.29","16082.0.0\n132.0.6807.0","16086.0.0\n132.0.6812.0","NA","ASUS Chromebook Flip CM3200FM1A"
"hayato","NA","NA","NA","NA","NA","16033.51.0\n130.0.6723.101","16063.23.0\n131.0.6778.29","16082.0.0\n132.0.6807.0","16086.0.0\n132.0.6812.0","NA","ASUS Chromebook Flip CM3200FM1A"
"spherion","NA","NA","NA","NA","NA","16033.51.0\n130.0.6723.101","16063.23.0\n131.0.6778.29","16082.0.0\n132.0.6807.0","16086.0.0\n132.0.6812.0","NA","Acer Chromebook 514 (CB514-2H, CB514-2HT)"
"atlas","NA","NA","NA","NA","NA","16033.51.0\n130.0.6723.101","16063.23.0\n131.0.6778.29","16082.0.0\n132.0.6807.0","16086.0.0\n132.0.6812.0","NA","Google Pixelbook Go"
"auron-paine","NA","NA","NA","NA","NA","13904.97.0\n91.0.4472.167","13904.41.0\n91.0.4472.81","13870.0.0\n91.0.4456.0","13902.0.0\n91.0.4469.0","NA","Acer Chromebook 11 (C740)"
"auron-yuna","NA","NA","NA","NA","NA","13904.97.0\n91.0.4472.167","13904.41.0\n91.0.4472.81","13904.4.0\n91.0.4472.10","13902.0.0\n91.0.4469.0","NA","Acer Chromebook 15 (CB5-571, C910)"
"banjo","NA","NA","NA","NA","NA","14092.66.0\n93.0.4577.95","14092.46.0\n93.0.4577.69","14092.9.0\n93.0.4577.10","14092.0.0\n93.0.4575.0","NA","Acer Chromebook 15 (CB3-531)"
"banon","NA","NA","NA","NA","NA","14816.131.0\n103.0.5060.132","14816.64.0\n103.0.5060.53","14816.17.0\n103.0.5060.15","14803.0.0\n103.0.5045.0","NA","Acer Chromebook 15 (CB3-532)"
"bob","NA","NA","NA","NA","NA","15509.81.0\n116.0.5845.210","15509.50.0\n116.0.5845.67","15509.27.0\n116.0.5845.39","15506.0.0\n116.0.5833.0","NA","ASUS Chromebook Flip C101PA"
"brask","NA","NA","NA","NA","NA","16033.51.0\n130.0.6723.101","16063.23.0\n131.0.6778.29","16082.0.0\n132.0.6807.0","16086.0.0\n132.0.6812.0","NA","AOpen Chromebox Commercial 3"
"aurash","NA","NA","NA","NA","NA","16033.51.0\n130.0.6723.101","16063.23.0\n131.0.6778.29","16082.0.0\n132.0.6807.0","16086.0.0\n132.0.6812.0","NA","AOpen Chromebox Commercial 3"
"gladios","NA","NA","NA","NA","NA","16033.51.0\n130.0.6723.101","16063.23.0\n131.0.6778.29","16082.0.0\n132.0.6807.0","16086.0.0\n132.0.6812.0","NA","Chromebox Enterprise G4"
"kinox","NA","NA","NA","NA","NA","16033.51.0\n130.0.6723.101","16063.23.0\n131.0.6778.29","16082.0.0\n132.0.6807.0","16086.0.0\n132.0.6812.0","NA","Lenovo ThinkCentre M60q Chromebox"
"kuldax","NA","NA","NA","NA","NA","16033.51.0\n130.0.6723.101","16063.23.0\n131.0.6778.29","16082.0.0\n132.0.6807.0","16086.0.0\n132.0.6812.0","NA","ASUS Chromebox 5 (CN67), ASUS Chromebox Enterprise 5 (CN67), ASUS Chromebox 5a, ASUS Chromebox Enterprise 5a"
"lisbon","NA","NA","NA","NA","NA","16033.51.0\n130.0.6723.101","16063.23.0\n131.0.6778.29","16082.0.0\n132.0.6807.0","16086.0.0\n132.0.6812.0","NA","Lisbon Development Product, Centerm Chromebox D661 / Centerm Chromebox Enterprise D661, CTL Chromebox CBx3 / CTL Chromebox Enterprise CBx3"
"moli","NA","NA","NA","NA","NA","16033.51.0\n130.0.6723.101","16063.23.0\n131.0.6778.29","16082.0.0\n132.0.6807.0","16086.0.0\n132.0.6812.0","NA","Acer Chromebox CXI5"
"brya","NA","NA","NA","NA","NA","16002.60.0\n129.0.6668.112","16063.23.0\n131.0.6778.29","16082.0.0\n132.0.6807.0","16086.0.0\n132.0.6812.0","NA","HP Elite c640 14 inch G3 Chromebook"
"anahera","NA","NA","NA","NA","NA","16002.60.0\n129.0.6668.112","16063.23.0\n131.0.6778.29","16082.0.0\n132.0.6807.0","16086.0.0\n132.0.6812.0","NA","HP Elite c640 14 inch G3 Chromebook"
"banshee","NA","NA","NA","NA","NA","16002.60.0\n129.0.6668.112","16063.23.0\n131.0.6778.29","16082.0.0\n132.0.6807.0","16086.0.0\n132.0.6812.0","NA","Framework Laptop Chromebook Edition"
"crota","NA","NA","NA","NA","NA","16002.60.0\n129.0.6668.112","16063.23.0\n131.0.6778.29","16082.0.0\n132.0.6807.0","16086.0.0\n132.0.6812.0","NA","Dell Latitude 5430 Chromebook"
"crota360","NA","NA","NA","NA","NA","16002.60.0\n129.0.6668.112","16063.23.0\n131.0.6778.29","16082.0.0\n132.0.6807.0","16086.0.0\n132.0.6812.0","NA","Dell Latitude 5430 2-in-1 Chromebook"
"dochi","NA","NA","NA","NA","NA","16002.60.0\n129.0.6668.112","16063.23.0\n131.0.6778.29","16082.0.0\n132.0.6807.0","16086.0.0\n132.0.6812.0","NA","Acer Chromebook Plus Spin 514 (CP514-4HN, CPE594-1N, CPE594-1N)"
"felwinter","NA","NA","NA","NA","NA","16002.60.0\n129.0.6668.112","16063.23.0\n131.0.6778.29","16082.0.0\n132.0.6807.0","16086.0.0\n132.0.6812.0","NA","ASUS Chromebook Flip CX5(CX5601), ASUS Chromebook Enterprise Flip CX5(CX5601)"
"gimble","NA","NA","NA","NA","NA","16002.60.0\n129.0.6668.112","16063.23.0\n131.0.6778.29","16082.0.0\n132.0.6807.0","16086.0.0\n132.0.6812.0","NA","Chromebook x360 14c-cd0, HP Chromebook Plus X360 14"
"kano","NA","NA","NA","NA","NA","16002.60.0\n129.0.6668.112","16063.23.0\n131.0.6778.29","16082.0.0\n132.0.6807.0","16086.0.0\n132.0.6812.0","NA","Acer Chromebook Spin 714  -- CP714-1WN / Acer Chromebook Enterprise Spin 714 -- CP714-1WN, Acer Chromebook Spin 714  -- CP714-2WN / Acer Chromebook Enterprise Spin 714 -- CP714-2WN"
"marasov","NA","NA","NA","NA","NA","16002.60.0\n129.0.6668.112","16063.23.0\n131.0.6778.29","16082.0.0\n132.0.6807.0","16086.0.0\n132.0.6812.0","NA","ASUS Chromebook Plus CX34 CX3402CBA, ASUS Chromebook Plus CX34 CX3402CVA"
"mithrax","NA","NA","NA","NA","NA","16002.60.0\n129.0.6668.112","16063.23.0\n131.0.6778.29","16082.0.0\n132.0.6807.0","16086.0.0\n132.0.6812.0","NA","Asus Chromebook Vibe CX34 Flip (CX3401) / Asus Chromebook Vibe CX34 Flip (CX3401FBA), ASUS Chromebook CX34 Flip (CX3401) / ASUS Chromebook CX34 Flip (CX3401FBA) / ASUS Chromebook Enterprise CB34 Flip (CB3401) /  ASUS Chromebook Enterprise CX34 Flip (CX3401)"
"omnigul","NA","NA","NA","NA","NA","16002.60.0\n129.0.6668.112","16063.23.0\n131.0.6778.29","16082.0.0\n132.0.6807.0","16086.0.0\n132.0.6812.0","NA","Acer Chromebook Plus 515 (CB515-2H, CB515-2HT)"
"omniknight","NA","NA","NA","NA","NA","16002.60.0\n129.0.6668.112","16063.23.0\n131.0.6778.29","16082.0.0\n132.0.6807.0","16086.0.0\n132.0.6812.0","NA","Acer Chromebook Plus Enterprise 515 (CBE595-2/CBE595-2T)"
"osiris","NA","NA","NA","NA","NA","16002.60.0\n129.0.6668.112","16063.23.0\n131.0.6778.29","16082.0.0\n132.0.6807.0","16086.0.0\n132.0.6812.0","NA","Acer Chromebook 516 GE (CBG516-1H), Acer Chromebook Plus 516 GE (CBG516-2H)"
"primus","NA","NA","NA","NA","NA","16002.60.0\n129.0.6668.112","16063.23.0\n131.0.6778.29","16082.0.0\n132.0.6807.0","16086.0.0\n132.0.6812.0","NA","ThinkPad C14 Gen 1 Chromebook"
"redrix","NA","NA","NA","NA","NA","16002.60.0\n129.0.6668.112","16063.23.0\n131.0.6778.29","16082.0.0\n132.0.6807.0","16086.0.0\n132.0.6812.0","NA","HP Elite Dragonfly Chromebook"
"taeko","NA","NA","NA","NA","NA","16002.60.0\n129.0.6668.112","16063.23.0\n131.0.6778.29","16082.0.0\n132.0.6807.0","16086.0.0\n132.0.6812.0","NA","IdeaPad Flex 5i Chromebook Plus (14"", 7), Lenovo Flex 5i Chromebook 14""/IdeaPad Flex 5i Chromebook (14"", 7), Lenovo 5i Chromebook 16""/IdeaPad 5i Chromebook (16"", 7), Lenovo Flex 5i Chromebook (14"", 7)"
"taniks","NA","NA","NA","NA","NA","16002.60.0\n129.0.6668.112","16063.23.0\n131.0.6778.29","16082.0.0\n132.0.6807.0","16086.0.0\n132.0.6812.0","NA","IdeaPad Gaming Chromebook 16"
"vell","NA","NA","NA","NA","NA","16002.60.0\n129.0.6668.112","16063.23.0\n131.0.6778.29","16082.0.0\n132.0.6807.0","16086.0.0\n132.0.6812.0","NA","HP Dragonfly Pro Chromebook"
"volmar","NA","NA","NA","NA","NA","16002.60.0\n129.0.6668.112","16063.23.0\n131.0.6778.29","16082.0.0\n132.0.6807.0","16086.0.0\n132.0.6812.0","NA","Acer Chromebook Vero 514"
"xol","NA","NA","NA","NA","NA","16002.60.0\n129.0.6668.112","16063.23.0\n131.0.6778.29","16082.0.0\n132.0.6807.0","16086.0.0\n132.0.6812.0","NA","Galaxy Chromebook Plus"
"zavala","NA","NA","NA","NA","NA","16002.60.0\n129.0.6668.112","16063.23.0\n131.0.6778.29","16082.0.0\n132.0.6807.0","16086.0.0\n132.0.6812.0","NA","Acer Chromebook Vero 712 (CV872, CV872T)"
"buddy","NA","NA","NA","NA","NA","13904.97.0\n91.0.4472.167","13904.41.0\n91.0.4472.81","13904.4.0\n91.0.4472.10","13904.0.0\n91.0.4469.0","NA","Acer Chromebase 24"
"butterfly","NA","NA","NA","NA","NA","10323.67.9\n65.0.3325.209","10323.58.0\n65.0.3325.167","10323.30.0\n65.0.3325.65","10322.0.0\n65.0.3324.0","NA","HP Pavilion Chromebook 14"
"candy","NA","NA","NA","NA","NA","13982.82.0\n92.0.4515.157","14092.46.0\n93.0.4577.69","14092.9.0\n93.0.4577.10","14092.0.0\n93.0.4575.0","NA","Dell Chromebook 11 (3120)"
"caroline","NA","NA","NA","NA","NA","15437.42.0\n114.0.5735.119","15437.31.0\n114.0.5735.84","15437.8.0\n114.0.5735.12","15416.0.0\n114.0.5703.0","NA","Samsung Chromebook Pro"
"cave","NA","NA","NA","NA","NA","15437.42.0\n114.0.5735.119","15437.31.0\n114.0.5735.84","15437.8.0\n114.0.5735.12","15435.0.0\n114.0.5728.0","NA","ASUS Chromebook Flip C302"
"celes","NA","NA","NA","NA","NA","14816.131.5\n103.0.5060.132","14816.64.0\n103.0.5060.53","14816.17.0\n103.0.5060.15","14803.0.0\n103.0.5045.0","NA","Samsung Chromebook 3"
"chell","NA","NA","NA","NA","NA","15437.42.0\n114.0.5735.119","15437.31.0\n114.0.5735.84","15437.8.0\n114.0.5735.12","15436.0.0\n114.0.5730.0","NA","HP Chromebook 13 G1"
"cherry","NA","NA","NA","NA","NA","16033.51.0\n130.0.6723.101","16063.23.0\n131.0.6778.29","16082.0.0\n132.0.6807.0","16086.0.0\n132.0.6812.0","NA","Chromebook x360 13b-ca0"
"dojo","NA","NA","NA","NA","NA","16033.51.0\n130.0.6723.101","16063.23.0\n131.0.6778.29","16082.0.0\n132.0.6807.0","16086.0.0\n132.0.6812.0","NA","Chromebook x360 13b-ca0"
"tomato","NA","NA","NA","NA","NA","16033.51.0\n130.0.6723.101","16063.23.0\n131.0.6778.29","16082.0.0\n132.0.6807.0","16086.0.0\n132.0.6812.0","NA","ACER Chromebook Spin 513 (CP513-2H), Acer Chromebook Enterprise Spin 513 (CP513-2H)"
"clapper","NA","NA","NA","NA","NA","12239.92.0\n76.0.3809.136","12239.67.0\n76.0.3809.102","12239.19.0\n76.0.3809.38","12240.0.0\n76.0.3807.0","NA","Lenovo N20 Chromebook"
"coral","NA","NA","NA","NA","NA","No Update","16063.23.0\n131.0.6778.29","16082.0.0\n132.0.6807.0","16086.0.0\n132.0.6812.0","NA","Acer Chromebook 11 (C732, C732T, C732L, C732LT)"
"astronaut","NA","NA","NA","NA","NA","No Update","16063.23.0\n131.0.6778.29","16082.0.0\n132.0.6807.0","16086.0.0\n132.0.6812.0","NA","Acer Chromebook 11 (C732, C732T, C732L, C732LT)"
"babymega","NA","NA","NA","NA","NA","No Update","16063.23.0\n131.0.6778.29","16082.0.0\n132.0.6807.0","16086.0.0\n132.0.6812.0","NA","ASUS Chromebook CX1100CNA, ASUS Chromebook C223"
"babytiger","NA","NA","NA","NA","NA","No Update","16063.23.0\n131.0.6778.29","16082.0.0\n132.0.6807.0","16086.0.0\n132.0.6812.0","NA","ASUS Chromebook CX1500CNA, ASUS Chromebook C523"
"blacktip","NA","NA","NA","NA","NA","No Update","16063.23.0\n131.0.6778.29","16082.0.0\n132.0.6807.0","16086.0.0\n132.0.6812.0","NA","Positivo Chromebook N2110, Edxis Chromebook 11, Lanix Chromebook C116, CTL chromebook NL7, Multilaser Chromebook M11C-PC912"
"blacktip360","NA","NA","NA","NA","NA","No Update","16063.23.0\n131.0.6778.29","16082.0.0\n132.0.6807.0","16086.0.0\n132.0.6812.0","NA","Edxis Chromebook X11, CTL Chromebook NL7 / NL7T-360 / NL7TW-360, Viglen Chromebook 360C, Multilaser Chromebook M11HC-PC911, Positivo Chromebook N2112, Lanix Chromebook C116"
"blacktiplte","NA","NA","NA","NA","NA","No Update","16063.23.0\n131.0.6778.29","16082.0.0\n132.0.6807.0","16086.0.0\n132.0.6812.0","NA","CTL Chromebook NL7 LTE"
"blue","NA","NA","NA","NA","NA","No Update","16063.23.0\n131.0.6778.29","16082.0.0\n132.0.6807.0","16086.0.0\n132.0.6812.0","NA","Acer Chromebook 15 (CB315-1H, CB315-1HT)"
"bruce","NA","NA","NA","NA","NA","No Update","16063.23.0\n131.0.6778.29","16082.0.0\n132.0.6807.0","16086.0.0\n132.0.6812.0","NA","Acer Chromebook Spin 15 (CP315)"
"epaulette","NA","NA","NA","NA","NA","No Update","16063.23.0\n131.0.6778.29","16082.0.0\n132.0.6807.0","16086.0.0\n132.0.6812.0","NA","Acer Chromebook 514"
"lava","NA","NA","NA","NA","NA","No Update","16063.23.0\n131.0.6778.29","16082.0.0\n132.0.6807.0","16086.0.0\n132.0.6812.0","NA","Acer Chromebook Spin 11 (CP311-1H, CP311-1HN)"
"nasher","NA","NA","NA","NA","NA","No Update","16063.23.0\n131.0.6778.29","16082.0.0\n132.0.6807.0","16086.0.0\n132.0.6812.0","NA","Dell Chromebook 11 (5190)"
"nasher360","NA","NA","NA","NA","NA","No Update","16063.23.0\n131.0.6778.29","16082.0.0\n132.0.6807.0","16086.0.0\n132.0.6812.0","NA","Dell Chromebook 11 2-in-1 (5190)"
"rabbid","NA","NA","NA","NA","NA","No Update","16063.23.0\n131.0.6778.29","16082.0.0\n132.0.6807.0","16086.0.0\n132.0.6812.0","NA","ASUS Chromebook C403, ASUS Chromebook C423, ASUS Chromebook CX1400CNA"
"robo","NA","NA","NA","NA","NA","No Update","16063.23.0\n131.0.6778.29","16082.0.0\n132.0.6807.0","16086.0.0\n132.0.6812.0","NA","Lenovo 100e Chromebook"
"robo360","NA","NA","NA","NA","NA","No Update","16063.23.0\n131.0.6778.29","16082.0.0\n132.0.6807.0","16086.0.0\n132.0.6812.0","NA","Lenovo 500e Chromebook"
"santa","NA","NA","NA","NA","NA","No Update","16063.23.0\n131.0.6778.29","16082.0.0\n132.0.6807.0","16086.0.0\n132.0.6812.0","NA","Acer Chromebook 11 (CB311-8H, CB311-8HT)"
"whitetip","NA","NA","NA","NA","NA","No Update","16063.23.0\n131.0.6778.29","16082.0.0\n132.0.6807.0","16086.0.0\n132.0.6812.0","NA","CTL Chromebook J41 / J41T, Prowise Chromebook Eduline, Sector 5 E3 Chromebook, Viglen Chromebook 11C, PCmerge Chromebook AL116"
"corsola","NA","NA","NA","NA","NA","16033.51.0\n130.0.6723.101","16063.23.0\n131.0.6778.29","16082.0.0\n132.0.6807.0","16086.0.0\n132.0.6812.0","NA","CZ1204C"
"chinchou","NA","NA","NA","NA","NA","16033.51.0\n130.0.6723.101","16063.23.0\n131.0.6778.29","16082.0.0\n132.0.6807.0","16086.0.0\n132.0.6812.0","NA","CZ1204C"
"chinchou360","NA","NA","NA","NA","NA","16033.51.0\n130.0.6723.101","16063.23.0\n131.0.6778.29","16082.0.0\n132.0.6807.0","16086.0.0\n132.0.6812.0","NA","CZ1104F"
"magneton","NA","NA","NA","NA","NA","16033.51.0\n130.0.6723.101","16063.23.0\n131.0.6778.29","16082.0.0\n132.0.6807.0","16086.0.0\n132.0.6812.0","NA","IP Slim 3 Chrome 14M868"
"rusty","NA","NA","NA","NA","NA","16033.51.0\n130.0.6723.101","16063.23.0\n131.0.6778.29","16082.0.0\n132.0.6807.0","16086.0.0\n132.0.6812.0","NA","Lenovo 100e Chromebook Gen 4"
"squirtle","NA","NA","NA","NA","NA","16033.51.0\n130.0.6723.101","16063.23.0\n131.0.6778.29","16082.0.0\n132.0.6807.0","16086.0.0\n132.0.6812.0","NA","Acer Chromebook Spin 311 （R724T/ R724T-TCO）"
"steelix","NA","NA","NA","NA","NA","16033.51.0\n130.0.6723.101","16063.23.0\n131.0.6778.29","16082.0.0\n132.0.6807.0","16086.0.0\n132.0.6812.0","NA","Lenovo 300e Yoga Chromebook Gen 4"
"tentacool","NA","NA","NA","NA","NA","16033.51.0\n130.0.6723.101","16063.23.0\n131.0.6778.29","16082.0.0\n132.0.6807.0","16086.0.0\n132.0.6812.0","NA","ASUS Chromebook CM14 (CM1402C)"
"tentacruel","NA","NA","NA","NA","NA","16033.51.0\n130.0.6723.101","16063.23.0\n131.0.6778.29","16082.0.0\n132.0.6807.0","16086.0.0\n132.0.6812.0","NA","ASUS Chromebook CM14 Flip (CM1402F)"
"voltorb","NA","NA","NA","NA","NA","16033.51.0\n130.0.6723.101","16063.23.0\n131.0.6778.29","16082.0.0\n132.0.6807.0","16086.0.0\n132.0.6812.0","NA","Acer Chromebook 311(C723,C723-TCO,C723T,C723T-TCO)"
"cyan","NA","NA","NA","NA","NA","14816.131.0\n103.0.5060.132","14816.64.0\n103.0.5060.53","14816.17.0\n103.0.5060.15","14792.0.0\n103.0.5045.0","NA","Acer Chromebook R11 (CB5-132T, C738T)"
"daisy","NA","NA","NA","NA","NA","12105.100.0\n75.0.3770.144","12105.75.0\n75.0.3770.102","12105.25.0\n75.0.3770.19","12105.0.0\n75.0.3768.0","NA","Samsung Chromebook - XE303"
"daisy-skate","NA","NA","NA","NA","NA","12105.100.0\n75.0.3770.144","12105.75.0\n75.0.3770.102","12105.25.0\n75.0.3770.19","12102.0.0\n75.0.3768.0","NA","HP Chromebook 11 G2"
"daisy-spring","NA","NA","NA","NA","NA","11316.165.0\n72.0.3626.122","11316.123.0\n72.0.3626.97","11316.66.0\n72.0.3626.49","11268.0.0\n72.0.3612.0","NA","HP Chromebook 11 G1"
"dedede","NA","NA","NA","NA","NA","16033.51.0\n130.0.6723.101","16063.23.0\n131.0.6778.29","16082.0.0\n132.0.6807.0","16086.0.0\n132.0.6812.0","NA","Multilaser Chromebook M11C-PC919, DINATECH Gen1 Chromebook  SG20JL1C, Allied Chromebook 11 N5100EO-864180 /  Allied Chromebook 11 N4500EO-432180 /  Allied Chromebook 11 N5100EO-432180"
"beadrix","NA","NA","NA","NA","NA","16033.51.0\n130.0.6723.101","16063.23.0\n131.0.6778.29","16082.0.0\n132.0.6807.0","16086.0.0\n132.0.6812.0","NA","Multilaser Chromebook M11C-PC919, DINATECH Gen1 Chromebook  SG20JL1C, Allied Chromebook 11 N5100EO-864180 /  Allied Chromebook 11 N4500EO-432180 /  Allied Chromebook 11 N5100EO-432180"
"beetley","NA","NA","NA","NA","NA","16033.51.0\n130.0.6723.101","16063.23.0\n131.0.6778.29","16082.0.0\n132.0.6807.0","16086.0.0\n132.0.6812.0","NA","Lenovo Flex 3i Chromebook 15 IdeaPad Flex 3i Chromebook (15, 7)"
"blipper","NA","NA","NA","NA","NA","16033.51.0\n130.0.6723.101","16063.23.0\n131.0.6778.29","16082.0.0\n132.0.6807.0","16086.0.0\n132.0.6812.0","NA","Lenovo 3i-15 Chromebook"
"bookem","NA","NA","NA","NA","NA","16033.51.0\n130.0.6723.101","16063.23.0\n131.0.6778.29","16082.0.0\n132.0.6807.0","16086.0.0\n132.0.6812.0","NA","Lenovo Chromebook (11"", 9) / Lenovo Chrome 11IJL9, Lenovo 100e Chromebook Gen 3 (Intel)"
"boten","NA","NA","NA","NA","NA","16033.51.0\n130.0.6723.101","16063.23.0\n131.0.6778.29","16082.0.0\n132.0.6807.0","16086.0.0\n132.0.6812.0","NA","Lenovo Flex 3i-11 Chromebook / IdeaPad Flex 3i Chromebook (11"", 6), Lenovo 500e Chromebook Gen 3"
"boxy","NA","NA","NA","NA","NA","16033.51.0\n130.0.6723.101","16063.23.0\n131.0.6778.29","16082.0.0\n132.0.6807.0","16086.0.0\n132.0.6812.0","NA","Chromebox Micro"
"bugzzy","NA","NA","NA","NA","NA","16033.51.0\n130.0.6723.101","16063.23.0\n131.0.6778.29","16082.0.0\n132.0.6807.0","16086.0.0\n132.0.6812.0","NA","Galaxy Chromebook 2 360"
"cret","NA","NA","NA","NA","NA","16033.51.0\n130.0.6723.101","16063.23.0\n131.0.6778.29","16082.0.0\n132.0.6807.0","16086.0.0\n132.0.6812.0","NA","Dell Chromebook 3110"
"cret360","NA","NA","NA","NA","NA","16033.51.0\n130.0.6723.101","16063.23.0\n131.0.6778.29","16082.0.0\n132.0.6807.0","16086.0.0\n132.0.6812.0","NA","Dell Chromebook 3110 2-in-1"
"dexi","NA","NA","NA","NA","NA","16033.51.0\n130.0.6723.101","16063.23.0\n131.0.6778.29","16082.0.0\n132.0.6807.0","16086.0.0\n132.0.6812.0","NA","AOPEN Chromebox Mini 2 / AOPEN Chromebox Enterprise Mini 2 / AOPEN Chromebox Education Mini 2"
"dita","NA","NA","NA","NA","NA","16033.51.0\n130.0.6723.101","16063.23.0\n131.0.6778.29","16082.0.0\n132.0.6807.0","16086.0.0\n132.0.6812.0","NA","AOPEN Chromebox P1 / AOPEN Chromebox Enterprise P1, Acer Chromebox Mini CXM1 / Acer Chromebox Mini Enterprise  CXM1"
"drawcia","NA","NA","NA","NA","NA","16033.51.0\n130.0.6723.101","16063.23.0\n131.0.6778.29","16082.0.0\n132.0.6807.0","16086.0.0\n132.0.6812.0","NA","HP Chromebook x360 11 G4 EE, HP Fortis x360 11 G3 J Chromebook / HP Fortis x360 11 G3 J Chromebook Enterprise"
"drawlat","NA","NA","NA","NA","NA","16033.51.0\n130.0.6723.101","16063.23.0\n131.0.6778.29","16082.0.0\n132.0.6807.0","16086.0.0\n132.0.6812.0","NA","HP Chromebook 11 G9 EE"
"drawman","NA","NA","NA","NA","NA","16033.51.0\n130.0.6723.101","16063.23.0\n131.0.6778.29","16082.0.0\n132.0.6807.0","16086.0.0\n132.0.6812.0","NA","HP Chromebook 14 G7"
"drawper","NA","NA","NA","NA","NA","16033.51.0\n130.0.6723.101","16063.23.0\n131.0.6778.29","16082.0.0\n132.0.6807.0","16086.0.0\n132.0.6812.0","NA","HP Fortis 14 G10 Chromebook"
"galith","NA","NA","NA","NA","NA","16033.51.0\n130.0.6723.101","16063.23.0\n131.0.6778.29","16082.0.0\n132.0.6807.0","16086.0.0\n132.0.6812.0","NA","ASUS Chromebook CX1500CKA"
"galith360","NA","NA","NA","NA","NA","16033.51.0\n130.0.6723.101","16063.23.0\n131.0.6778.29","16082.0.0\n132.0.6807.0","16086.0.0\n132.0.6812.0","NA","CX1500FKA"
"gallop","NA","NA","NA","NA","NA","16033.51.0\n130.0.6723.101","16063.23.0\n131.0.6778.29","16082.0.0\n132.0.6807.0","16086.0.0\n132.0.6812.0","NA","ASUS Chromebook CX1700CKA"
"galnat","NA","NA","NA","NA","NA","16033.51.0\n130.0.6723.101","16063.23.0\n131.0.6778.29","16082.0.0\n132.0.6807.0","16086.0.0\n132.0.6812.0","NA","ASUS Chromebook CX1 CX1102"
"galnat360","NA","NA","NA","NA","NA","16033.51.0\n130.0.6723.101","16063.23.0\n131.0.6778.29","16082.0.0\n132.0.6807.0","16086.0.0\n132.0.6812.0","NA","ASUS Chromebook Flip CX1 CX1102"
"galtic","NA","NA","NA","NA","NA","16033.51.0\n130.0.6723.101","16063.23.0\n131.0.6778.29","16082.0.0\n132.0.6807.0","16086.0.0\n132.0.6812.0","NA","ASUS Chromebook CX1"
"galtic360","NA","NA","NA","NA","NA","16033.51.0\n130.0.6723.101","16063.23.0\n131.0.6778.29","16082.0.0\n132.0.6807.0","16086.0.0\n132.0.6812.0","NA","CX1400FKA"
"kracko","NA","NA","NA","NA","NA","16033.51.0\n130.0.6723.101","16063.23.0\n131.0.6778.29","16082.0.0\n132.0.6807.0","16086.0.0\n132.0.6812.0","NA","Positivo Chromebook N2310, Poin2 Chromebook 11B, Edxis Chromebook 11 (S30-C) / Edxis Chromebook 11 (S30-CT), CTL Chromebook NL72, Centerm Chromebook M610, Zyrex Chromebook M432-64/Zyrex Chromebook M432-11, ADVAN Chromebook 116J"
"kracko360","NA","NA","NA","NA","NA","16033.51.0\n130.0.6723.101","16063.23.0\n131.0.6778.29","16082.0.0\n132.0.6807.0","16086.0.0\n132.0.6812.0","NA","Positivo Chromebook N2312, Poin2 Chromebook 11E, LG Chromebook 11TC50Q/11TQ50Q, CTL Chromebook NL72T"
"landia","NA","NA","NA","NA","NA","16033.51.0\n130.0.6723.101","16063.23.0\n131.0.6778.29","16082.0.0\n132.0.6807.0","16086.0.0\n132.0.6812.0","NA","HP Chromebook x360 14a-ca1"
"landrid","NA","NA","NA","NA","NA","16033.51.0\n130.0.6723.101","16063.23.0\n131.0.6778.29","16082.0.0\n132.0.6807.0","16086.0.0\n132.0.6812.0","NA","HP Chromebook15a-na0"
"lantis","NA","NA","NA","NA","NA","16033.51.0\n130.0.6723.101","16063.23.0\n131.0.6778.29","16082.0.0\n132.0.6807.0","16086.0.0\n132.0.6812.0","NA","HP Chromebook 14a-na1"
"madoo","NA","NA","NA","NA","NA","16033.51.0\n130.0.6723.101","16063.23.0\n131.0.6778.29","16082.0.0\n132.0.6807.0","16086.0.0\n132.0.6812.0","NA","Chromebook x360 14b-cb0"
"magister","NA","NA","NA","NA","NA","16033.51.0\n130.0.6723.101","16063.23.0\n131.0.6778.29","16082.0.0\n132.0.6807.0","16086.0.0\n132.0.6812.0","NA","Acer Chromebook Spin 314 (CP314-1H, CP314-1HN)"
"maglet","NA","NA","NA","NA","NA","16033.51.0\n130.0.6723.101","16063.23.0\n131.0.6778.29","16082.0.0\n132.0.6807.0","16086.0.0\n132.0.6812.0","NA","Acer Chromebook 512 (C852)"
"maglia","NA","NA","NA","NA","NA","16033.51.0\n130.0.6723.101","16063.23.0\n131.0.6778.29","16082.0.0\n132.0.6807.0","16086.0.0\n132.0.6812.0","NA","Acer Chromebook Spin 512 (R853TA) & Acer Chromebook spin 512 (R853TNA)"
"maglith","NA","NA","NA","NA","NA","16033.51.0\n130.0.6723.101","16063.23.0\n131.0.6778.29","16082.0.0\n132.0.6807.0","16086.0.0\n132.0.6812.0","NA","Acer Chromebook 511 (C734 , C734T, C733-R, C733T-R)"
"magma","NA","NA","NA","NA","NA","16033.51.0\n130.0.6723.101","16063.23.0\n131.0.6778.29","16082.0.0\n132.0.6807.0","16086.0.0\n132.0.6812.0","NA","Acer Chromebook 315 (CB315-4H , CB315-4HT)"
"magneto","NA","NA","NA","NA","NA","16033.51.0\n130.0.6723.101","16063.23.0\n131.0.6778.29","16082.0.0\n132.0.6807.0","16086.0.0\n132.0.6812.0","NA","Acer Chromebook 314 (CB314-3H , CB314-3HT, C934, C934T), Packard Bell Chromebook 314, Packard Bell Chromebook 314(PCB314-2 , PCB314-2T)"
"magolor","NA","NA","NA","NA","NA","16033.51.0\n130.0.6723.101","16063.23.0\n131.0.6778.29","16082.0.0\n132.0.6807.0","16086.0.0\n132.0.6812.0","NA","Acer Chromebook Spin 511 (R753T) & Acer Chromebook spin 511 (R753TN) & Acer Chromebook Spin 511(R752T-R)"
"magpie","NA","NA","NA","NA","NA","16033.51.0\n130.0.6723.101","16063.23.0\n131.0.6778.29","16082.0.0\n132.0.6807.0","16086.0.0\n132.0.6812.0","NA","Acer Chromebook 317"
"metaknight","NA","NA","NA","NA","NA","16033.51.0\n130.0.6723.101","16063.23.0\n131.0.6778.29","16082.0.0\n132.0.6807.0","16086.0.0\n132.0.6812.0","NA","NEC Chromebook Y3"
"palutena","NA","NA","NA","NA","NA","16033.51.0\n130.0.6723.101","16063.23.0\n131.0.6778.29","16082.0.0\n132.0.6807.0","16086.0.0\n132.0.6812.0","NA","Acer Chromebook 314, Gateway Chromebook 314, CA14J2"
"pasara","NA","NA","NA","NA","NA","16033.51.0\n130.0.6723.101","16063.23.0\n131.0.6778.29","16082.0.0\n132.0.6807.0","16086.0.0\n132.0.6812.0","NA","Gateway Chromebook 15"
"peezer","NA","NA","NA","NA","NA","16033.51.0\n130.0.6723.101","16063.23.0\n131.0.6778.29","16082.0.0\n132.0.6807.0","16086.0.0\n132.0.6812.0","NA","CTL Chromebook PX11EG, Acer Chromebook 311(CO731), Edxis E-Lite Chromebook 11, CA11J2, Gateway Chromebook 311, Multilaser Chromebook M11C-PC924"
"pirette","NA","NA","NA","NA","NA","16033.51.0\n130.0.6723.101","16063.23.0\n131.0.6778.29","16082.0.0\n132.0.6807.0","16086.0.0\n132.0.6812.0","NA","CTL Chromebook PX11E, Zyrex Chromebook M432-2, SPC Chromebook Z1 Mini, Axioo Chromebook P11/Axioo Chromebook P432"
"pirika","NA","NA","NA","NA","NA","16033.51.0\n130.0.6723.101","16063.23.0\n131.0.6778.29","16082.0.0\n132.0.6807.0","16086.0.0\n132.0.6812.0","NA","Gateway Chromebook 14, Axioo Chromebook P14, CTL Chromebook Enterprise/PX14E/PX14EX/PX14EXT"
"sasuke","NA","NA","NA","NA","NA","16033.51.0\n130.0.6723.101","16063.23.0\n131.0.6778.29","16082.0.0\n132.0.6807.0","16086.0.0\n132.0.6812.0","NA","Galaxy Chromebook Go"
"sasukette","NA","NA","NA","NA","NA","16033.51.0\n130.0.6723.101","16063.23.0\n131.0.6778.29","16082.0.0\n132.0.6807.0","16086.0.0\n132.0.6812.0","NA","Galaxy Chromebook Go 11"
"storo","NA","NA","NA","NA","NA","16033.51.0\n130.0.6723.101","16063.23.0\n131.0.6778.29","16082.0.0\n132.0.6807.0","16086.0.0\n132.0.6812.0","NA","ASUS Chromebook CR1100CKA"
"storo360","NA","NA","NA","NA","NA","16033.51.0\n130.0.6723.101","16063.23.0\n131.0.6778.29","16082.0.0\n132.0.6807.0","16086.0.0\n132.0.6812.0","NA","ASUS Chromebook Flip CR1100FKA"
"taranza","NA","NA","NA","NA","NA","16033.51.0\n130.0.6723.101","16063.23.0\n131.0.6778.29","16082.0.0\n132.0.6807.0","16086.0.0\n132.0.6812.0","NA","ASUS Fanless Chromebox CF40, ASUS Fanless Chromebox Enterprise CF40"
"drallion","NA","NA","NA","NA","NA","16033.51.0\n130.0.6723.101","16063.23.0\n131.0.6778.29","16082.0.0\n132.0.6807.0","16086.0.0\n132.0.6812.0","NA","Dell Latitude 7410 Chromebook Enterprise"
"drallion360_signed","NA","NA","NA","NA","NA","16033.51.0\n130.0.6723.101","16063.23.0\n131.0.6778.29","16082.0.0\n132.0.6807.0","16086.0.0\n132.0.6812.0","NA","Dell Latitude 7410 Chromebook Enterprise"
"drallion_signed","NA","NA","NA","NA","NA","16033.51.0\n130.0.6723.101","16063.23.0\n131.0.6778.29","16082.0.0\n132.0.6807.0","16086.0.0\n132.0.6812.0","NA","Dell Latitude 7410 Chromebook Enterprise"
"edgar","NA","NA","NA","NA","NA","14816.131.0\n103.0.5060.132","14816.64.0\n103.0.5060.53","14816.17.0\n103.0.5060.15","14803.0.0\n103.0.5045.0","NA","Acer Chromebook 14 (CB3-431)"
"elm","NA","NA","NA","NA","NA","No Update","16063.23.0\n131.0.6778.29","16082.0.0\n132.0.6807.0","16086.0.0\n132.0.6812.0","NA","Acer Chromebook R13 (CB5-312T)"
"enguarde","NA","NA","NA","NA","NA","13982.88.0\n92.0.4515.162","14092.46.0\n93.0.4577.69","14092.9.0\n93.0.4577.10","14091.0.0\n93.0.4575.0","NA","Education Chromebook, Videonet Chromebook, Edxis Education Chromebook (NL6), Crambo Chromebook, ASI Chromebook, Lenovo N21 Chromebook, Senkatel C1101 Chromebook, JP Sa Couto Chromebook, eduGear Chromebook R, True IDC Chromebook, CTL N6 Education Chromebook, RGS Education Chromebook, M&A Chromebook"
"eve","NA","NA","NA","NA","NA","No Update","16063.23.0\n131.0.6778.29","16082.0.0\n132.0.6807.0","16086.0.0\n132.0.6812.0","NA","Google Pixelbook"
"expresso","NA","NA","NA","NA","NA","13982.88.0\n92.0.4515.162","14092.46.0\n93.0.4577.69","14092.9.0\n93.0.4577.10","14092.0.0\n93.0.4575.0","NA","HEXA Chromebook Pi, Consumer Chromebook, Bobicus Chromebook 11, Edxis Chromebook"
"falco-li","NA","NA","NA","NA","NA","12371.75.0\n77.0.3865.105","12371.65.0\n77.0.3865.93","12371.22.0\n77.0.3865.35","12419.0.0\n78.0.3877.0","NA","HP Chromebook 14"
"fizz","NA","NA","NA","NA","NA","16033.51.0\n130.0.6723.101","16063.23.0\n131.0.6778.29","16082.0.0\n132.0.6807.0","16086.0.0\n132.0.6812.0","NA","AOpen Chromebox Commercial 2, Newline Chromebox A10"
"jax","NA","NA","NA","NA","NA","16033.51.0\n130.0.6723.101","16063.23.0\n131.0.6778.29","16082.0.0\n132.0.6807.0","16086.0.0\n132.0.6812.0","NA","AOpen Chromebox Commercial 2, Newline Chromebox A10"
"kench","NA","NA","NA","NA","NA","16033.51.0\n130.0.6723.101","16063.23.0\n131.0.6778.29","16082.0.0\n132.0.6807.0","16086.0.0\n132.0.6812.0","NA","HP Chromebox G2"
"sion","NA","NA","NA","NA","NA","16033.51.0\n130.0.6723.101","16063.23.0\n131.0.6778.29","16082.0.0\n132.0.6807.0","16086.0.0\n132.0.6812.0","NA","Acer Chromebox CXI3"
"teemo","NA","NA","NA","NA","NA","16033.51.0\n130.0.6723.101","16063.23.0\n131.0.6778.29","16082.0.0\n132.0.6807.0","16086.0.0\n132.0.6812.0","NA","ASUS Chromebox 3 (CN65)"
"wukong","NA","NA","NA","NA","NA","16033.51.0\n130.0.6723.101","16063.23.0\n131.0.6778.29","16082.0.0\n132.0.6807.0","16086.0.0\n132.0.6812.0","NA","Promethean Chromebox, OWG, ViewSonic NMP660 Chromebox, CTL Chromebox CBx1, SMART Chromebox G3"
"gandof","NA","NA","NA","NA","NA","13904.97.0\n91.0.4472.167","13904.41.0\n91.0.4472.81","13904.4.0\n91.0.4472.10","13902.0.0\n91.0.4469.0","NA","Toshiba Chromebook 2 (2015 Edition)"
"geralt","NA","NA","NA","NA","NA","16033.51.0\n130.0.6723.101","16063.23.0\n131.0.6778.29","16063.9.0\n131.0.6778.9","16086.0.0\n132.0.6812.0","NA","Lenovo Chromebook Duet (11"", 9), Lenovo Chromebook Duet EDU G2"
"ciri","NA","NA","NA","NA","NA","16033.51.0\n130.0.6723.101","16063.23.0\n131.0.6778.29","16063.9.0\n131.0.6778.9","16086.0.0\n132.0.6812.0","NA","Lenovo Chromebook Duet (11"", 9), Lenovo Chromebook Duet EDU G2"
"glimmer","NA","NA","NA","NA","NA","12239.92.0\n76.0.3809.136","12239.67.0\n76.0.3809.102","12239.19.0\n76.0.3809.38","12240.0.0\n76.0.3807.0","NA","Lenovo ThinkPad 11e Chromebook"
"gnawty","NA","NA","NA","NA","NA","13982.88.0\n92.0.4515.162","14092.46.0\n93.0.4577.69","14092.9.0\n93.0.4577.10","14092.0.0\n93.0.4575.0","NA","Acer Chromebook 11 (CB3-131, C735), Acer Chromebook 11 (CB3-111, C730, C730E)"
"grunt","NA","NA","NA","NA","NA","16033.51.0\n130.0.6723.101","16063.23.0\n131.0.6778.29","16082.0.0\n132.0.6807.0","16086.0.0\n132.0.6812.0","NA","Acer Chromebook 315 (CB315-2H)"
"aleena","NA","NA","NA","NA","NA","16033.51.0\n130.0.6723.101","16063.23.0\n131.0.6778.29","16082.0.0\n132.0.6807.0","16086.0.0\n132.0.6812.0","NA","Acer Chromebook 315 (CB315-2H)"
"barla","NA","NA","NA","NA","NA","16033.51.0\n130.0.6723.101","16063.23.0\n131.0.6778.29","16082.0.0\n132.0.6807.0","16086.0.0\n132.0.6812.0","NA","HP Chromebook 11A G6 EE/ HP Chromebook 11A G8 EE, HP Chromebook 11A G6 EE / HP Chromebook 11A G8 EE"
"careena","NA","NA","NA","NA","NA","16033.51.0\n130.0.6723.101","16063.23.0\n131.0.6778.29","16082.0.0\n132.0.6807.0","16086.0.0\n132.0.6812.0","NA","HP Chromebook 14-db0/HP Chromebook 14A G5"
"kasumi","NA","NA","NA","NA","NA","16033.51.0\n130.0.6723.101","16063.23.0\n131.0.6778.29","16082.0.0\n132.0.6807.0","16086.0.0\n132.0.6812.0","NA","Acer Chromebook 311 (C721)"
"kasumi360","NA","NA","NA","NA","NA","16033.51.0\n130.0.6723.101","16063.23.0\n131.0.6778.29","16082.0.0\n132.0.6807.0","16086.0.0\n132.0.6812.0","NA","Acer Chromebook Spin 311 (R721T)"
"liara","NA","NA","NA","NA","NA","16033.51.0\n130.0.6723.101","16063.23.0\n131.0.6778.29","16082.0.0\n132.0.6807.0","16086.0.0\n132.0.6812.0","NA","Lenovo 14e Chromebook, Lenovo Chromebook S345-14"
"treeya","NA","NA","NA","NA","NA","16033.51.0\n130.0.6723.101","16063.23.0\n131.0.6778.29","16082.0.0\n132.0.6807.0","16086.0.0\n132.0.6812.0","NA","IdeaPad 3 Chromebook (11"", 5), 100e Gen 2 AST"
"treeya360","NA","NA","NA","NA","NA","16033.51.0\n130.0.6723.101","16063.23.0\n131.0.6778.29","16082.0.0\n132.0.6807.0","16086.0.0\n132.0.6812.0","NA","Lenovo 300e Gen 2 AST, NEC Chromebook Y1 Gen2A"
"guado","NA","NA","NA","NA","NA","13729.72.0\n89.0.4389.116","13816.47.0\n90.0.4430.73","13870.0.0\n91.0.4456.0","13884.0.0\n91.0.4461.0","NA","ASUS Chromebox 2 (CN62)"
"guybrush","NA","NA","NA","NA","NA","16033.51.0\n130.0.6723.101","16063.23.0\n131.0.6778.29","16063.9.0\n131.0.6778.9","16086.0.0\n132.0.6812.0","NA","Acer Chromebook Spin 514 [CP514-3H, CP514-3HH, CP514-3WH]"
"dewatt","NA","NA","NA","NA","NA","16033.51.0\n130.0.6723.101","16063.23.0\n131.0.6778.29","16063.9.0\n131.0.6778.9","16086.0.0\n132.0.6812.0","NA","Acer Chromebook Spin 514 [CP514-3H, CP514-3HH, CP514-3WH]"
"nipperkin","NA","NA","NA","NA","NA","16033.51.0\n130.0.6723.101","16063.23.0\n131.0.6778.29","16063.9.0\n131.0.6778.9","16086.0.0\n132.0.6812.0","NA","HP Elite c645 G2 Chromebook"
"hana","NA","NA","NA","NA","NA","16033.51.0\n130.0.6723.101","16063.23.0\n131.0.6778.29","16082.0.0\n132.0.6807.0","16086.0.0\n132.0.6812.0","NA","Poin2 Chromebook 14"
"birch","NA","NA","NA","NA","NA","16033.51.0\n130.0.6723.101","16063.23.0\n131.0.6778.29","16082.0.0\n132.0.6807.0","16086.0.0\n132.0.6812.0","NA","Poin2 Chromebook 14"
"maple","NA","NA","NA","NA","NA","16033.51.0\n130.0.6723.101","16063.23.0\n131.0.6778.29","16082.0.0\n132.0.6807.0","16086.0.0\n132.0.6812.0","NA","Lenovo Ideapad C330 Chromebook"
"maple14","NA","NA","NA","NA","NA","16033.51.0\n130.0.6723.101","16063.23.0\n131.0.6778.29","16082.0.0\n132.0.6807.0","16086.0.0\n132.0.6812.0","NA","Lenovo Ideapad S330 Chromebook"
"sycamore","NA","NA","NA","NA","NA","16033.51.0\n130.0.6723.101","16063.23.0\n131.0.6778.29","16082.0.0\n132.0.6807.0","16086.0.0\n132.0.6812.0","NA","Lenovo 100e Chromebook 2nd Gen MTK"
"sycamore360","NA","NA","NA","NA","NA","16033.51.0\n130.0.6723.101","16063.23.0\n131.0.6778.29","16082.0.0\n132.0.6807.0","16086.0.0\n132.0.6812.0","NA","Lenovo 300e Chromebook 2nd Gen MTK"
"telesu","NA","NA","NA","NA","NA","16033.51.0\n130.0.6723.101","16063.23.0\n131.0.6778.29","16082.0.0\n132.0.6807.0","16086.0.0\n132.0.6812.0","NA","ASUS Chromebook C202XA / C203XA"
"hatch","NA","NA","NA","NA","NA","16033.51.0\n130.0.6723.101","16063.23.0\n131.0.6778.29","16082.0.0\n132.0.6807.0","16085.0.0\n132.0.6812.0","NA","IdeaPad Flex 5i Chromebook (13"", 5)"
"akemi","NA","NA","NA","NA","NA","16033.51.0\n130.0.6723.101","16063.23.0\n131.0.6778.29","16082.0.0\n132.0.6807.0","16085.0.0\n132.0.6812.0","NA","IdeaPad Flex 5i Chromebook (13"", 5)"
"dragonair","NA","NA","NA","NA","NA","16033.51.0\n130.0.6723.101","16063.23.0\n131.0.6778.29","16082.0.0\n132.0.6807.0","16085.0.0\n132.0.6812.0","NA","Chromebook x360 14c-ca0"
"dratini","NA","NA","NA","NA","NA","16033.51.0\n130.0.6723.101","16063.23.0\n131.0.6778.29","16082.0.0\n132.0.6807.0","16085.0.0\n132.0.6812.0","NA","HP Pro c640 Chromebook/HP Pro c640 Chromebook Enterprise"
"helios","NA","NA","NA","NA","NA","16033.51.0\n130.0.6723.101","16063.23.0\n131.0.6778.29","16082.0.0\n132.0.6807.0","16085.0.0\n132.0.6812.0","NA","ASUS Chromebook Flip C436FA"
"jinlon","NA","NA","NA","NA","NA","16033.51.0\n130.0.6723.101","16063.23.0\n131.0.6778.29","16082.0.0\n132.0.6807.0","16085.0.0\n132.0.6812.0","NA","Chromebook x360 13c-ca0"
"kindred","NA","NA","NA","NA","NA","16033.51.0\n130.0.6723.101","16063.23.0\n131.0.6778.29","16082.0.0\n132.0.6807.0","16085.0.0\n132.0.6812.0","NA","Acer Chromebook 712 [C871]"
"kled","NA","NA","NA","NA","NA","16033.51.0\n130.0.6723.101","16063.23.0\n131.0.6778.29","16082.0.0\n132.0.6807.0","16085.0.0\n132.0.6812.0","NA","Acer Chromebook Spin 713 (CP713-2W)"
"kohaku","NA","NA","NA","NA","NA","16033.51.0\n130.0.6723.101","16063.23.0\n131.0.6778.29","16082.0.0\n132.0.6807.0","16085.0.0\n132.0.6812.0","NA","Samsung Galaxy Chromebook"
"nightfury","NA","NA","NA","NA","NA","16033.51.0\n130.0.6723.101","16063.23.0\n131.0.6778.29","16082.0.0\n132.0.6807.0","16085.0.0\n132.0.6812.0","NA","Samsung Galaxy Chromebook 2"
"heli","NA","NA","NA","NA","NA","13982.88.0\n92.0.4515.162","14092.46.0\n93.0.4577.69","14092.9.0\n93.0.4577.10","14092.0.0\n93.0.4575.0","NA","Haier Chromebook 11 G2"
"jacuzzi","NA","NA","NA","NA","NA","16033.51.0\n130.0.6723.101","16063.23.0\n131.0.6778.29","16082.0.0\n132.0.6807.0","16086.0.0\n132.0.6812.0","NA","HP Chromebook x360 11MK G3 EE"
"burnet","NA","NA","NA","NA","NA","16033.51.0\n130.0.6723.101","16063.23.0\n131.0.6778.29","16082.0.0\n132.0.6807.0","16086.0.0\n132.0.6812.0","NA","HP Chromebook x360 11MK G3 EE"
"cozmo","NA","NA","NA","NA","NA","16033.51.0\n130.0.6723.101","16063.23.0\n131.0.6778.29","16082.0.0\n132.0.6807.0","16086.0.0\n132.0.6812.0","NA","Acer Chromebook  314 (CB314-2H/CB314-2HT)"
"damu","NA","NA","NA","NA","NA","16033.51.0\n130.0.6723.101","16063.23.0\n131.0.6778.29","16082.0.0\n132.0.6807.0","16086.0.0\n132.0.6812.0","NA","ASUS Chromebook Flip CM3200FVA"
"esche","NA","NA","NA","NA","NA","16033.51.0\n130.0.6723.101","16063.23.0\n131.0.6778.29","16082.0.0\n132.0.6807.0","16086.0.0\n132.0.6812.0","NA","HP Chromebook 11MK G9 EE"
"fennel","NA","NA","NA","NA","NA","16033.51.0\n130.0.6723.101","16063.23.0\n131.0.6778.29","16082.0.0\n132.0.6807.0","16086.0.0\n132.0.6812.0","NA","IdeaPad Flex 3 Chromebook"
"fennel14","NA","NA","NA","NA","NA","16033.51.0\n130.0.6723.101","16063.23.0\n131.0.6778.29","16082.0.0\n132.0.6807.0","16086.0.0\n132.0.6812.0","NA","IdeaPad 3 Chromebook"
"juniper","NA","NA","NA","NA","NA","16033.51.0\n130.0.6723.101","16063.23.0\n131.0.6778.29","16082.0.0\n132.0.6807.0","16086.0.0\n132.0.6812.0","NA","Acer Chromebook Spin 311 (CP311-3H)"
"kappa","NA","NA","NA","NA","NA","16033.51.0\n130.0.6723.101","16063.23.0\n131.0.6778.29","16082.0.0\n132.0.6807.0","16086.0.0\n132.0.6812.0","NA","HP Chromebook 11a-ne0, HP Chromebook 11a na0"
"kenzo","NA","NA","NA","NA","NA","16033.51.0\n130.0.6723.101","16063.23.0\n131.0.6778.29","16082.0.0\n132.0.6807.0","16086.0.0\n132.0.6812.0","NA","Acer Chromebook 311 (CB311-11H/CB311-11HT)"
"makomo","NA","NA","NA","NA","NA","16033.51.0\n130.0.6723.101","16063.23.0\n131.0.6778.29","16082.0.0\n132.0.6807.0","16086.0.0\n132.0.6812.0","NA","Lenovo 100e Gen 2"
"pico","NA","NA","NA","NA","NA","16033.51.0\n130.0.6723.101","16063.23.0\n131.0.6778.29","16082.0.0\n132.0.6807.0","16086.0.0\n132.0.6812.0","NA","Acer Chromebook Spin 311 - R722T"
"willow","NA","NA","NA","NA","NA","16033.51.0\n130.0.6723.101","16063.23.0\n131.0.6778.29","16082.0.0\n132.0.6807.0","16086.0.0\n132.0.6812.0","NA","Acer Chromebook 311 (C722/C722T)"
"kalista","NA","NA","NA","NA","NA","16033.51.0\n130.0.6723.101","16063.23.0\n131.0.6778.29","16082.0.0\n132.0.6807.0","16086.0.0\n132.0.6812.0","NA","Acer Chromebase CA24I2"
"karma","NA","NA","NA","NA","NA","16033.51.0\n130.0.6723.101","16063.23.0\n131.0.6778.29","16082.0.0\n132.0.6807.0","16086.0.0\n132.0.6812.0","NA","Acer Chromebase CA24I2"
"kefka","NA","NA","NA","NA","NA","14816.131.0\n103.0.5060.132","14816.64.0\n103.0.5060.53","14816.17.0\n103.0.5060.15","14803.0.0\n103.0.5045.0","NA","Dell Chromebook 11 (3180), Dell Chromebook 11 2-in-1 (3189)"
"kevin","NA","NA","NA","NA","NA","15509.81.0\n116.0.5845.210","15509.57.0\n116.0.5845.102","15509.27.0\n116.0.5845.39","15505.0.0\n116.0.5833.0","NA","Samsung Chromebook Plus"
"kip","NA","NA","NA","NA","NA","14092.66.0\n93.0.4577.95","14092.46.0\n93.0.4577.69","14092.9.0\n93.0.4577.10","14092.0.0\n93.0.4575.0","NA","HP Chromebook 11 2100-2199 / HP Chromebook 11 G3, HP Chromebook 11 G3/G4/G4 EE, HP Chromebook 14 G4"
"kukui","NA","NA","NA","NA","NA","16033.51.0\n130.0.6723.101","16063.23.0\n131.0.6778.29","16082.0.0\n132.0.6807.0","16086.0.0\n132.0.6812.0","NA","ASUS Chromebook Detachable CM3"
"kakadu","NA","NA","NA","NA","NA","16033.51.0\n130.0.6723.101","16063.23.0\n131.0.6778.29","16082.0.0\n132.0.6807.0","16086.0.0\n132.0.6812.0","NA","ASUS Chromebook Detachable CM3"
"katsu","NA","NA","NA","NA","NA","16033.51.0\n130.0.6723.101","16063.23.0\n131.0.6778.29","16082.0.0\n132.0.6807.0","16086.0.0\n132.0.6812.0","NA","ASUS Chromebook Detachable CZ1"
"kodama","NA","NA","NA","NA","NA","16033.51.0\n130.0.6723.101","16063.23.0\n131.0.6778.29","16082.0.0\n132.0.6807.0","16086.0.0\n132.0.6812.0","NA","Lenovo 10e Chromebook Tablet"
"krane","NA","NA","NA","NA","NA","16033.51.0\n130.0.6723.101","16063.23.0\n131.0.6778.29","16082.0.0\n132.0.6807.0","16086.0.0\n132.0.6812.0","NA","Lenovo Chromebook Duet / Lenovo Ideapad Duet Chromebook"
"lars","NA","NA","NA","NA","NA","15437.42.0\n114.0.5735.119","15437.31.0\n114.0.5735.84","15437.8.0\n114.0.5735.12","15406.0.0\n114.0.5676.0","NA","Acer Chromebook 14 for Work (CP5-471)"
"lili","NA","NA","NA","NA","NA","15437.42.0\n114.0.5735.119","15437.31.0\n114.0.5735.84","15437.8.0\n114.0.5735.12","15406.0.0\n114.0.5676.0","NA","Acer Chromebook 11 (C771, C771T)"
"leon","NA","NA","NA","NA","NA","12239.92.0\n76.0.3809.136","12239.67.0\n76.0.3809.102","12239.19.0\n76.0.3809.38","12238.0.0\n76.0.3807.0","NA","Toshiba Chromebook"
"link","NA","NA","NA","NA","NA","10895.78.0\n69.0.3497.120","10895.56.0\n69.0.3497.95","10895.21.0\n69.0.3497.35","10894.0.0\n69.0.3496.0","NA","Google Chromebook Pixel"
"lulu","NA","NA","NA","NA","NA","13904.97.0\n91.0.4472.167","13904.41.0\n91.0.4472.81","13904.4.0\n91.0.4472.10","13901.0.0\n91.0.4469.0","NA","Dell Chromebook 13 (7310)"
"lumpy","NA","NA","NA","NA","NA","10323.67.9\n65.0.3325.209","10323.58.0\n65.0.3325.167","10323.30.0\n65.0.3325.65","10322.0.0\n65.0.3324.0","NA","Samsung Chromebook Series 5 550"
"mccloud","NA","NA","NA","NA","NA","12239.92.0\n76.0.3809.136","12239.67.0\n76.0.3809.102","12239.19.0\n76.0.3809.38","12239.0.0\n76.0.3807.0","NA","Acer Chromebox"
"monroe","NA","NA","NA","NA","NA","13099.110.2\n84.0.4147.136","13099.72.0\n84.0.4147.94","13099.14.0\n84.0.4147.21","13098.0.0\n84.0.4142.0","NA","LG Chromebase (22CV241), LG Chromebase (22CB25S)"
"nami","NA","NA","NA","NA","NA","16033.51.0\n130.0.6723.101","16063.23.0\n131.0.6778.29","16082.0.0\n132.0.6807.0","16086.0.0\n132.0.6812.0","NA","Acer Chromebook 13 (CB713-1W)"
"akali","NA","NA","NA","NA","NA","16033.51.0\n130.0.6723.101","16063.23.0\n131.0.6778.29","16082.0.0\n132.0.6807.0","16086.0.0\n132.0.6812.0","NA","Acer Chromebook 13 (CB713-1W)"
"akali360","NA","NA","NA","NA","NA","16033.51.0\n130.0.6723.101","16063.23.0\n131.0.6778.29","16082.0.0\n132.0.6807.0","16086.0.0\n132.0.6812.0","NA","Acer Chromebook Spin 13 (CP713-1WN)"
"bard","NA","NA","NA","NA","NA","16033.51.0\n130.0.6723.101","16063.23.0\n131.0.6778.29","16082.0.0\n132.0.6807.0","16086.0.0\n132.0.6812.0","NA","Acer Chromebook 715 (CB715-1W / CB715-1WT)"
"ekko","NA","NA","NA","NA","NA","16033.51.0\n130.0.6723.101","16063.23.0\n131.0.6778.29","16082.0.0\n132.0.6807.0","16086.0.0\n132.0.6812.0","NA","Acer Chromebook 714 (CB714-1W / CB714-1WT)"
"pantheon","NA","NA","NA","NA","NA","16033.51.0\n130.0.6723.101","16063.23.0\n131.0.6778.29","16082.0.0\n132.0.6807.0","16086.0.0\n132.0.6812.0","NA","Lenovo C340-15 Chromebook, Lenovo Yoga C630 Chromebook"
"sona","NA","NA","NA","NA","NA","16033.51.0\n130.0.6723.101","16063.23.0\n131.0.6778.29","16082.0.0\n132.0.6807.0","16086.0.0\n132.0.6812.0","NA","HP Chromebook x360 14"
"syndra","NA","NA","NA","NA","NA","16033.51.0\n130.0.6723.101","16063.23.0\n131.0.6778.29","16082.0.0\n132.0.6807.0","16086.0.0\n132.0.6812.0","NA","Chromebook 15-de0"
"vayne","NA","NA","NA","NA","NA","16033.51.0\n130.0.6723.101","16063.23.0\n131.0.6778.29","16082.0.0\n132.0.6807.0","16086.0.0\n132.0.6812.0","NA","Dell Inspiron Chromebook 14 2-in-1 (7486)"
"nautilus","NA","NA","NA","NA","NA","No Update","16063.23.0\n131.0.6778.29","16082.0.0\n132.0.6807.0","16086.0.0\n132.0.6812.0","NA","Samsung Chromebook Plus (V2)"
"nautiluslte","NA","NA","NA","NA","NA","No Update","16063.23.0\n131.0.6778.29","16082.0.0\n132.0.6807.0","16086.0.0\n132.0.6812.0","NA","Samsung Chromebook Plus (LTE)"
"ninja","NA","NA","NA","NA","NA","13982.88.0\n92.0.4515.162","14092.46.0\n93.0.4577.69","14092.9.0\n93.0.4577.10","14092.0.0\n93.0.4575.0","NA","AOpen Chromebox Commercial"
"nissa","NA","NA","NA","NA","NA","16033.51.0\n130.0.6723.101","16063.23.0\n131.0.6778.29","16082.0.0\n132.0.6807.0","16086.0.0\n132.0.6812.0","NA","ASUS Chromebook CR12 CR1204C / ASUS Chromebook CR11 CR1104C"
"anraggar","NA","NA","NA","NA","NA","16033.51.0\n130.0.6723.101","16063.23.0\n131.0.6778.29","16082.0.0\n132.0.6807.0","16086.0.0\n132.0.6812.0","NA","ASUS Chromebook CR12 CR1204C / ASUS Chromebook CR11 CR1104C"
"anraggar360","NA","NA","NA","NA","NA","16033.51.0\n130.0.6723.101","16063.23.0\n131.0.6778.29","16082.0.0\n132.0.6807.0","16086.0.0\n132.0.6812.0","NA","ASUS Chromebook CR12 flip CR1204F / ASUS Chromebook CR11 flip CR1104F"
"craask","NA","NA","NA","NA","NA","16033.51.0\n130.0.6723.101","16063.23.0\n131.0.6778.29","16082.0.0\n132.0.6807.0","16086.0.0\n132.0.6812.0","NA","Acer Chromebook Spin 512 (R856T R856T-TCO R856TN R856TN-TCO R856LT R856LT-TCO R856LTN R856LTN-TCO)"
"craaskana","NA","NA","NA","NA","NA","16033.51.0\n130.0.6723.101","16063.23.0\n131.0.6778.29","16082.0.0\n132.0.6807.0","16086.0.0\n132.0.6812.0","NA","Acer Chromebook 311"
"craaskbowl","NA","NA","NA","NA","NA","16033.51.0\n130.0.6723.101","16063.23.0\n131.0.6778.29","16082.0.0\n132.0.6807.0","16086.0.0\n132.0.6812.0","NA","Acer Chromebook Spin 511 (R756T R756T-TCO R756TN R756TN-TCO R756LT R756LT-TCO R756LTN R756LTN-TCO)"
"craaskino","NA","NA","NA","NA","NA","16033.51.0\n130.0.6723.101","16063.23.0\n131.0.6778.29","16082.0.0\n132.0.6807.0","16086.0.0\n132.0.6812.0","NA","Acer Chromebook 315 (CB315-5H, CB315-5HT)"
"craaskvin","NA","NA","NA","NA","NA","16033.51.0\n130.0.6723.101","16063.23.0\n131.0.6778.29","16082.0.0\n132.0.6807.0","16086.0.0\n132.0.6812.0","NA","Acer Chromebook 511( C736, C736T, C736L, C736LT )"
"craasneto","NA","NA","NA","NA","NA","16033.51.0\n130.0.6723.101","16063.23.0\n131.0.6778.29","16082.0.0\n132.0.6807.0","16086.0.0\n132.0.6812.0","NA","Acer Chromebook Plus 514(CB514-4H / CB514-4HT), Acer Chromebook 314(CB314-4H / CB314-4HT), Acer Chromebook 314(C936 /C936T /C936-TCO /C936T-TCO)"
"craaswell","NA","NA","NA","NA","NA","16033.51.0\n130.0.6723.101","16063.23.0\n131.0.6778.29","16082.0.0\n132.0.6807.0","16086.0.0\n132.0.6812.0","NA","Acer Chromebook Spin 314(CP314-2HN/CP314-2H)"
"glassway","NA","NA","NA","NA","NA","16033.51.0\n130.0.6723.101","16063.23.0\n131.0.6778.29","16082.0.0\n132.0.6807.0","16086.0.0\n132.0.6812.0","NA","CTL Chromebook Enterprise PX141E / CTL Chromebook Enterprise PX141EX / CTL Chromebook Enterprise PX141EXT / CTL Chromebook PX141E / CTL Chromebook PX141EX / CTL Chromebook PX141EXT, CTL Chromebook Plus PX141GX / CTL Chromebook Plus PX141GXT / CTL Chromebook Plus Entreprise PX141GX / CTL Chromebook Plus Enterprise PX141GXT"
"gothrax","NA","NA","NA","NA","NA","16033.51.0\n130.0.6723.101","16063.23.0\n131.0.6778.29","16082.0.0\n132.0.6807.0","16086.0.0\n132.0.6812.0","NA","Multi Chromebook M11HC-PC925"
"gothraxcs","NA","NA","NA","NA","NA","16033.51.0\n130.0.6723.101","16063.23.0\n131.0.6778.29","16082.0.0\n132.0.6807.0","16086.0.0\n132.0.6812.0","NA","Multi Chromebook M11C-PC926"
"hideo","NA","NA","NA","NA","NA","16033.51.0\n130.0.6723.101","16063.23.0\n131.0.6778.29","16082.0.0\n132.0.6807.0","16086.0.0\n132.0.6812.0","NA","Hideo CBX Development Project, Hideo non-CBX Development Project, Centerm Chromebook Plus M621 / Centerm Chromebook Plus Enterprise M621, Centerm Chromebook M621 / Centerm Chromebook Enterprise M621"
"joxer","NA","NA","NA","NA","NA","16033.51.0\n130.0.6723.101","16063.23.0\n131.0.6778.29","16082.0.0\n132.0.6807.0","16086.0.0\n132.0.6812.0","NA","HP Chromebook Plus x360 14b-cd0, HP Chromebook x360 14b-cc0, HP Chromebook Plus x360 14b-cc0, HP Chromebook x360 14b-cd0"
"pujjo","NA","NA","NA","NA","NA","16033.51.0\n130.0.6723.101","16063.23.0\n131.0.6778.29","16082.0.0\n132.0.6807.0","16086.0.0\n132.0.6812.0","NA","Lenovo Flex 3i Chromebook 12""/IdeaPad Flex 3i Chromebook (12"", 8), Lenovo 500e Yoga Chromebook Gen 4"
"pujjo1e","NA","NA","NA","NA","NA","16033.51.0\n130.0.6723.101","16063.23.0\n131.0.6778.29","16082.0.0\n132.0.6807.0","16086.0.0\n132.0.6812.0","NA","Lenovo 100e Chromebook Gen 4 (ADL-N)"
"pujjoteen","NA","NA","NA","NA","NA","16033.51.0\n130.0.6723.101","16063.23.0\n131.0.6778.29","16082.0.0\n132.0.6807.0","16086.0.0\n132.0.6812.0","NA","IdeaPad Slim 3i Chromebook Plus (14\"" Intel), Lenovo 14e Chromebook Gen 3 CB 5, Lenovo 14e Chromebook Gen 3, Lenovo 14e Chromebook Gen 3/Lenovo Slim 3i Chromebook 14\"""
"quandiso","NA","NA","NA","NA","NA","16033.51.0\n130.0.6723.101","16063.23.0\n131.0.6778.29","16082.0.0\n132.0.6807.0","16086.0.0\n132.0.6812.0","NA","CTL Chromebook NL73, LI7A"
"quandiso360","NA","NA","NA","NA","NA","16033.51.0\n130.0.6723.101","16063.23.0\n131.0.6778.29","16082.0.0\n132.0.6807.0","16086.0.0\n132.0.6812.0","NA","CTL Chromebook NL73T/CTL Chromebook NL73TW, mouse Chromebook U1-DAU01GY-A, LI7B"
"uldren","NA","NA","NA","NA","NA","16033.51.0\n130.0.6723.101","16063.23.0\n131.0.6778.29","16082.0.0\n132.0.6807.0","16086.0.0\n132.0.6812.0","NA","Dell Chromebook 3120"
"uldren360","NA","NA","NA","NA","NA","16033.51.0\n130.0.6723.101","16063.23.0\n131.0.6778.29","16082.0.0\n132.0.6807.0","16086.0.0\n132.0.6812.0","NA","Dell Chromebook 3120 2-in-1"
"xivu","NA","NA","NA","NA","NA","16033.51.0\n130.0.6723.101","16063.23.0\n131.0.6778.29","16082.0.0\n132.0.6807.0","16086.0.0\n132.0.6812.0","NA","CR1102C"
"xivu360","NA","NA","NA","NA","NA","16033.51.0\n130.0.6723.101","16063.23.0\n131.0.6778.29","16082.0.0\n132.0.6807.0","16086.0.0\n132.0.6812.0","NA","CR1102F"
"yahiko","NA","NA","NA","NA","NA","16033.51.0\n130.0.6723.101","16063.23.0\n131.0.6778.29","16082.0.0\n132.0.6807.0","16086.0.0\n132.0.6812.0","NA","HP Chromebook 14a-nf0xxx, HP Chromebook Plus 14a-nf0xxx"
"yavijo","NA","NA","NA","NA","NA","16033.51.0\n130.0.6723.101","16063.23.0\n131.0.6778.29","16082.0.0\n132.0.6807.0","16086.0.0\n132.0.6812.0","NA","HP Fortis 14 inch G11 Chromebook"
"yaviks","NA","NA","NA","NA","NA","16033.51.0\n130.0.6723.101","16063.23.0\n131.0.6778.29","16082.0.0\n132.0.6807.0","16086.0.0\n132.0.6812.0","NA","HP Chromebook 15.6"" 15w, HP Chromebook 15.6"", HP Chromebook Plus 15"
"yavilla","NA","NA","NA","NA","NA","16033.51.0\n130.0.6723.101","16063.23.0\n131.0.6778.29","16082.0.0\n132.0.6807.0","16086.0.0\n132.0.6812.0","NA","HP Fortis 11 inch G10 Chromebook"
"yavilly","NA","NA","NA","NA","NA","16033.51.0\n130.0.6723.101","16063.23.0\n131.0.6778.29","16082.0.0\n132.0.6807.0","16086.0.0\n132.0.6812.0","NA","HP Fortis x360 11 inch G5 Chromebook"
"nocturne","NA","NA","NA","NA","NA","16033.51.0\n130.0.6723.101","16063.23.0\n131.0.6778.29","16082.0.0\n132.0.6807.0","16086.0.0\n132.0.6812.0","NA","Google Pixel Slate"
"nyan-big","NA","NA","NA","NA","NA","12371.89.0\n77.0.3865.120","12371.65.0\n77.0.3865.93","12371.22.0\n77.0.3865.35","12369.0.0\n77.0.3863.0","NA","Acer Chromebook 13 (CB5-311, C810)"
"nyan-blaze","NA","NA","NA","NA","NA","12371.89.0\n77.0.3865.120","12371.65.0\n77.0.3865.93","12371.22.0\n77.0.3865.35","12369.0.0\n77.0.3863.0","NA","HP Chromebook 14 G3"
"nyan-kitty","NA","NA","NA","NA","NA","13310.94.2\n85.0.4183.134","13310.59.0\n85.0.4183.84","13310.24.0\n85.0.4183.34","13309.0.0\n85.0.4181.3","NA","Acer Chromebase"
"octopus","NA","NA","NA","NA","NA","16033.51.0\n130.0.6723.101","16063.23.0\n131.0.6778.29","16082.0.0\n132.0.6807.0","16086.0.0\n132.0.6812.0","NA","ASUS Chromebook Flip C214 (EDU), ASUS Chromebook Flip C234 (CANADA CONSUMER)"
"ampton","NA","NA","NA","NA","NA","16033.51.0\n130.0.6723.101","16063.23.0\n131.0.6778.29","16082.0.0\n132.0.6807.0","16086.0.0\n132.0.6812.0","NA","ASUS Chromebook Flip C214 (EDU), ASUS Chromebook Flip C234 (CANADA CONSUMER)"
"apel","NA","NA","NA","NA","NA","16033.51.0\n130.0.6723.101","16063.23.0\n131.0.6778.29","16082.0.0\n132.0.6807.0","16086.0.0\n132.0.6812.0","NA","ASUS Chromebook C204"
"apele","NA","NA","NA","NA","NA","16033.51.0\n130.0.6723.101","16063.23.0\n131.0.6778.29","16082.0.0\n132.0.6807.0","16086.0.0\n132.0.6812.0","NA","CX1101CMA"
"bloog","NA","NA","NA","NA","NA","16033.51.0\n130.0.6723.101","16063.23.0\n131.0.6778.29","16082.0.0\n132.0.6807.0","16086.0.0\n132.0.6812.0","NA","Chromebook x360 12b-ca0"
"blooglet","NA","NA","NA","NA","NA","16033.51.0\n130.0.6723.101","16063.23.0\n131.0.6778.29","16082.0.0\n132.0.6807.0","16086.0.0\n132.0.6812.0","NA","HP Chromebook 14a-na0"
"blooguard","NA","NA","NA","NA","NA","16033.51.0\n130.0.6723.101","16063.23.0\n131.0.6778.29","16082.0.0\n132.0.6807.0","16086.0.0\n132.0.6812.0","NA","Chromebook x360 14a-ca0, Chromebook x360 14b-ca0"
"blorb","NA","NA","NA","NA","NA","16033.51.0\n130.0.6723.101","16063.23.0\n131.0.6778.29","16082.0.0\n132.0.6807.0","16086.0.0\n132.0.6812.0","NA","Acer Chromebook 315 (CB315)"
"bluebird","NA","NA","NA","NA","NA","16033.51.0\n130.0.6723.101","16063.23.0\n131.0.6778.29","16082.0.0\n132.0.6807.0","16086.0.0\n132.0.6812.0","NA","Samsung Chromebook 4"
"bobba","NA","NA","NA","NA","NA","16033.51.0\n130.0.6723.101","16063.23.0\n131.0.6778.29","16082.0.0\n132.0.6807.0","16086.0.0\n132.0.6812.0","NA","Acer Chromebook 311 (CB311-9H, CB311-9HT), Acer Chromebook 311 (C733, C733U, C733T)"
"bobba360","NA","NA","NA","NA","NA","16033.51.0\n130.0.6723.101","16063.23.0\n131.0.6778.29","16082.0.0\n132.0.6807.0","16086.0.0\n132.0.6812.0","NA","Acer Chromebook Spin 311 (CP311-2H, CP311-2HN), Acer Chromebook Spin 511 (R752T, R752TN)"
"casta","NA","NA","NA","NA","NA","16033.51.0\n130.0.6723.101","16063.23.0\n131.0.6778.29","16082.0.0\n132.0.6807.0","16086.0.0\n132.0.6812.0","NA","Samsung Chromebook 4+"
"dood","NA","NA","NA","NA","NA","16033.51.0\n130.0.6723.101","16063.23.0\n131.0.6778.29","16082.0.0\n132.0.6807.0","16086.0.0\n132.0.6812.0","NA","NEC Chromebook Y2"
"dorp","NA","NA","NA","NA","NA","16033.51.0\n130.0.6723.101","16063.23.0\n131.0.6778.29","16082.0.0\n132.0.6807.0","16086.0.0\n132.0.6812.0","NA","Chromebook 14 G6"
"droid","NA","NA","NA","NA","NA","16033.51.0\n130.0.6723.101","16063.23.0\n131.0.6778.29","16082.0.0\n132.0.6807.0","16086.0.0\n132.0.6812.0","NA","Packard Bell Chromebook 314 (PCB314), Acer Chromebook 314 (C933L/LT), Acer Chromebook 314 (CB314)"
"fleex","NA","NA","NA","NA","NA","16033.51.0\n130.0.6723.101","16063.23.0\n131.0.6778.29","16082.0.0\n132.0.6807.0","16086.0.0\n132.0.6812.0","NA","Dell Chromebook 3100, Dell Chromebook 3100 2-in-1"
"foob","NA","NA","NA","NA","NA","16033.51.0\n130.0.6723.101","16063.23.0\n131.0.6778.29","16082.0.0\n132.0.6807.0","16086.0.0\n132.0.6812.0","NA","CTL Chromebook VX11,  CTL Chromebook VX11T, Poin2 Chromebook 11P"
"foob360","NA","NA","NA","NA","NA","16033.51.0\n130.0.6723.101","16063.23.0\n131.0.6778.29","16082.0.0\n132.0.6807.0","16086.0.0\n132.0.6812.0","NA","CTL Chromebook VX11T, Poin2 Chromebook 11P"
"garfour","NA","NA","NA","NA","NA","16033.51.0\n130.0.6723.101","16063.23.0\n131.0.6778.29","16082.0.0\n132.0.6807.0","16086.0.0\n132.0.6812.0","NA","CTL Chromebook NL81/NL81T"
"garg","NA","NA","NA","NA","NA","16033.51.0\n130.0.6723.101","16063.23.0\n131.0.6778.29","16082.0.0\n132.0.6807.0","16086.0.0\n132.0.6812.0","NA","Positivo Chromebook N2210, SPC Chromebook X1 Mini, Zyrex Chromebook M432-1/M432-128/Zyrex Chromebook 360-1, WS Chromebook A101, CTL Chromebook NL71/CT/LTE, JOI Chromebook C100, Multilaser Chromebook M11C-PC914, Pixart Rxart Chromebook, ADVAN Chromebook 116, Edxis Chromebook 11 (S20-C), Axioo Chromebook, Poin2 Chromebook 11A, XO Chromebook, Sector 5 E4 LTE Chromebook, Baicells Chromebook BB01, EVERCOSS Chromebook CB1/CB1A"
"garg360","NA","NA","NA","NA","NA","16033.51.0\n130.0.6723.101","16063.23.0\n131.0.6778.29","16082.0.0\n132.0.6807.0","16086.0.0\n132.0.6812.0","NA","Pixart Rxart Chromebook, EVERCOSS Chromebook CB1A, Poin2 Chromebook 11A, Axioo Chromebook 360, WS Chromebook A101, Positivo Chromebook N2212, ADVAN Chromebook 116, CTL Chromebook NL71T/TW/TWB, Ascon Chromebook 11A, Baicells Chromebook BB01, SPC Chromebook X1 Mini, Edxis Chromebook 11 (S20-X), Zyrex Chromebook 360, Multilaser Chromebook M11HC-PC915, JOI Chromebook C100"
"laser14","NA","NA","NA","NA","NA","16033.51.0\n130.0.6723.101","16063.23.0\n131.0.6778.29","16082.0.0\n132.0.6807.0","16086.0.0\n132.0.6812.0","NA","Lenovo Chromebook S340-14 and Lenovo Chromebook S340-14 Touch, IdeaPad 3 CB 14IGL05"
"lick","NA","NA","NA","NA","NA","16033.51.0\n130.0.6723.101","16063.23.0\n131.0.6778.29","16082.0.0\n132.0.6807.0","16086.0.0\n132.0.6812.0","NA","Ideapad 3 Chromebook"
"meep","NA","NA","NA","NA","NA","16033.51.0\n130.0.6723.101","16063.23.0\n131.0.6778.29","16082.0.0\n132.0.6807.0","16086.0.0\n132.0.6812.0","NA","HP Chromebook x360 11 G2 EE"
"mimrock","NA","NA","NA","NA","NA","16033.51.0\n130.0.6723.101","16063.23.0\n131.0.6778.29","16082.0.0\n132.0.6807.0","16086.0.0\n132.0.6812.0","NA","HP Chromebook 11 G7 EE"
"nospike","NA","NA","NA","NA","NA","16033.51.0\n130.0.6723.101","16063.23.0\n131.0.6778.29","16082.0.0\n132.0.6807.0","16086.0.0\n132.0.6812.0","NA","ASUS Chromebook C424"
"orbatrix","NA","NA","NA","NA","NA","16033.51.0\n130.0.6723.101","16063.23.0\n131.0.6778.29","16082.0.0\n132.0.6807.0","16086.0.0\n132.0.6812.0","NA","Dell Chromebook 3400"
"phaser","NA","NA","NA","NA","NA","16033.51.0\n130.0.6723.101","16063.23.0\n131.0.6778.29","16082.0.0\n132.0.6807.0","16086.0.0\n132.0.6812.0","NA","Lenovo 100e Chromebook 2nd Gen"
"phaser360","NA","NA","NA","NA","NA","16033.51.0\n130.0.6723.101","16063.23.0\n131.0.6778.29","16082.0.0\n132.0.6807.0","16086.0.0\n132.0.6812.0","NA","IdeaPad Flex 3 CB 11IGL05, NEC Chromebook Y1 Gen 2, Lenovo Chromebook C340-11/300e/500e Chromebook 2nd Gen, NEC Chromebook Y1, Lenovo 300e/500e Chromebook 2nd Gen"
"sparky","NA","NA","NA","NA","NA","16033.51.0\n130.0.6723.101","16063.23.0\n131.0.6778.29","16082.0.0\n132.0.6807.0","16086.0.0\n132.0.6812.0","NA","Acer Chromebook 512 (C851, C851T)"
"sparky360","NA","NA","NA","NA","NA","16033.51.0\n130.0.6723.101","16063.23.0\n131.0.6778.29","16082.0.0\n132.0.6807.0","16086.0.0\n132.0.6812.0","NA","Acer Chromebook Spin 512 (R851T, R851TN, R852T, R852TN)"
"vorticon","NA","NA","NA","NA","NA","16033.51.0\n130.0.6723.101","16063.23.0\n131.0.6778.29","16082.0.0\n132.0.6807.0","16086.0.0\n132.0.6812.0","NA","Chromebook 11 G8 EE"
"vortininja","NA","NA","NA","NA","NA","16033.51.0\n130.0.6723.101","16063.23.0\n131.0.6778.29","16082.0.0\n132.0.6807.0","16086.0.0\n132.0.6812.0","NA","Chromebook x360 11 G3 EE"
"orco","NA","NA","NA","NA","NA","13982.88.0\n92.0.4515.162","14092.46.0\n93.0.4577.69","14092.9.0\n93.0.4577.10","14092.0.0\n93.0.4575.0","NA","Lenovo 100S Chromebook"
"panther","NA","NA","NA","NA","NA","12239.92.2\n76.0.3809.136","12239.67.0\n76.0.3809.102","12239.19.0\n76.0.3809.38","12240.0.0\n76.0.3807.0","NA","ASUS Chromebox (CN60)"
"parrot-ivb","NA","NA","NA","NA","NA","10895.78.0\n69.0.3497.120","10895.56.0\n69.0.3497.95","11005.1.0\n70.0.3532.8","10894.0.0\n69.0.3496.0","NA","Acer C7 Chromebook"
"peach-pi","NA","NA","NA","NA","NA","12105.100.0\n75.0.3770.144","12105.75.0\n75.0.3770.102","12105.25.0\n75.0.3770.19","12105.0.0\n75.0.3768.0","NA","Samsung Chromebook 2 13"""
"peach-pit","NA","NA","NA","NA","NA","12105.100.0\n75.0.3770.144","12105.75.0\n75.0.3770.102","12105.25.0\n75.0.3770.19","12029.0.0\n75.0.3753.0","NA","Samsung Chromebook 2 11"""
"peppy","NA","NA","NA","NA","NA","12239.92.0\n76.0.3809.136","12239.67.0\n76.0.3809.102","12239.19.0\n76.0.3809.38","12240.0.0\n76.0.3807.0","NA","Acer Chromebook 11 (C720, C720P)"
"puff","NA","NA","NA","NA","NA","16033.51.0\n130.0.6723.101","16063.23.0\n131.0.6778.29","16082.0.0\n132.0.6807.0","16086.0.0\n132.0.6812.0","NA","HP Chromebase 21.5 inch All-in-One Desktop"
"dooly","NA","NA","NA","NA","NA","16033.51.0\n130.0.6723.101","16063.23.0\n131.0.6778.29","16082.0.0\n132.0.6807.0","16086.0.0\n132.0.6812.0","NA","HP Chromebase 21.5 inch All-in-One Desktop"
"duffy","NA","NA","NA","NA","NA","16033.51.0\n130.0.6723.101","16063.23.0\n131.0.6778.29","16082.0.0\n132.0.6807.0","16086.0.0\n132.0.6812.0","NA","ASUS Chromebox 4"
"faffy","NA","NA","NA","NA","NA","16033.51.0\n130.0.6723.101","16063.23.0\n131.0.6778.29","16082.0.0\n132.0.6807.0","16086.0.0\n132.0.6812.0","NA","ASUS Fanless Chromebox"
"kaisa","NA","NA","NA","NA","NA","16033.51.0\n130.0.6723.101","16063.23.0\n131.0.6778.29","16082.0.0\n132.0.6807.0","16086.0.0\n132.0.6812.0","NA","Acer Chromebox CXI4"
"noibat","NA","NA","NA","NA","NA","16033.51.0\n130.0.6723.101","16063.23.0\n131.0.6778.29","16082.0.0\n132.0.6807.0","16086.0.0\n132.0.6812.0","NA","HP Chromebox G3"
"wyvern","NA","NA","NA","NA","NA","16033.51.0\n130.0.6723.101","16063.23.0\n131.0.6778.29","16082.0.0\n132.0.6807.0","16086.0.0\n132.0.6812.0","NA","Promethean Chromebox 2, ViewSonic NMP760 Chromebox, CTL Chromebox CBx2/Enterprise CBx2, Wyvern MobLab"
"pyro","NA","NA","NA","NA","NA","No Update","16063.23.0\n131.0.6778.29","16082.0.0\n132.0.6807.0","16086.0.0\n132.0.6812.0","NA","Lenovo ThinkPad 11e 4th Gen Chromebook"
"quawks","NA","NA","NA","NA","NA","12239.92.0\n76.0.3809.136","12239.67.0\n76.0.3809.102","12239.19.0\n76.0.3809.38","12239.0.0\n76.0.3807.0","NA","ASUS Chromebook C300"
"rammus","NA","NA","NA","NA","NA","16033.51.0\n130.0.6723.101","16063.23.0\n131.0.6778.29","16082.0.0\n132.0.6807.0","16086.0.0\n132.0.6812.0","NA","ASUS Chromebook C425"
"leona","NA","NA","NA","NA","NA","16033.51.0\n130.0.6723.101","16063.23.0\n131.0.6778.29","16082.0.0\n132.0.6807.0","16086.0.0\n132.0.6812.0","NA","ASUS Chromebook C425"
"shyvana","NA","NA","NA","NA","NA","16033.51.0\n130.0.6723.101","16063.23.0\n131.0.6778.29","16082.0.0\n132.0.6807.0","16086.0.0\n132.0.6812.0","NA","ASUS Chromebook Flip C434, ASUS Chromebook Flip C433"
"reef","NA","NA","NA","NA","NA","No Update","16063.23.0\n131.0.6778.29","16082.0.0\n132.0.6807.0","16086.0.0\n132.0.6812.0","NA","ASUS Chromebook Flip C213"
"basking","NA","NA","NA","NA","NA","No Update","16063.23.0\n131.0.6778.29","16082.0.0\n132.0.6807.0","16086.0.0\n132.0.6812.0","NA","ASUS Chromebook Flip C213"
"electro","NA","NA","NA","NA","NA","No Update","16063.23.0\n131.0.6778.29","16082.0.0\n132.0.6807.0","16086.0.0\n132.0.6812.0","NA","Acer Chromebook Spin 11 (R751T / CP511)"
"reks","NA","NA","NA","NA","NA","14816.131.0\n103.0.5060.132","14816.64.0\n103.0.5060.53","14816.17.0\n103.0.5060.15","14803.0.0\n103.0.5045.0","NA","Lenovo N23 Chromebook, Lenovo N23 Chromebook (Touch), Lenovo N42 Chromebook, Lenovo N22 Chromebook"
"relm","NA","NA","NA","NA","NA","14816.131.0\n103.0.5060.132","14816.64.0\n103.0.5060.53","14816.17.0\n103.0.5060.15","14803.0.0\n103.0.5045.0","NA","N/A, Acer Chromebook 11 N7 (C731, C731T), Edxis Education Chromebook (NL6D), Positivo Chromebook C216B, EduGear Chromebook R, HP Chromebook 11 G5 EE, Mecer V2 Chromebook, CTL NL61 Chromebook"
"rex","NA","NA","NA","NA","NA","16002.60.0\n129.0.6668.112","16063.23.0\n131.0.6778.29","16082.0.0\n132.0.6807.0","16086.0.0\n132.0.6812.0","NA","Acer Chromebook Plus Spin 714 (CP714-1H, CP714-1HN), Acer Chromebook Plus Enterprise Spin 714 (CPE794-1, CPE794-1N)"
"karis","NA","NA","NA","NA","NA","16002.60.0\n129.0.6668.112","16063.23.0\n131.0.6778.29","16082.0.0\n132.0.6807.0","16086.0.0\n132.0.6812.0","NA","Acer Chromebook Plus Spin 714 (CP714-1H, CP714-1HN), Acer Chromebook Plus Enterprise Spin 714 (CPE794-1, CPE794-1N)"
"screebo","NA","NA","NA","NA","NA","16002.60.0\n129.0.6668.112","16063.23.0\n131.0.6778.29","16082.0.0\n132.0.6807.0","16086.0.0\n132.0.6812.0","NA","ASUS ExpertBook CX54 Chromebook Plus Enterprise (CX5403)"
"rikku","NA","NA","NA","NA","NA","13816.82.0\n90.0.4430.218","13816.34.0\n90.0.4430.51","13904.4.0\n91.0.4472.10","13870.0.0\n91.0.4456.0","NA","Acer Chromebox CXI2 / CXV2"
"samus","NA","NA","NA","NA","NA","13904.97.0\n91.0.4472.167","13904.41.0\n91.0.4472.81","13904.4.0\n91.0.4472.10","13904.0.0\n91.0.4469.0","NA","Google Chromebook Pixel (2015)"
"sand","NA","NA","NA","NA","NA","No Update","16063.23.0\n131.0.6778.29","16082.0.0\n132.0.6807.0","16086.0.0\n132.0.6812.0","NA","Acer Chromebook 15 (CB515-1H, CB515-1HT)"
"sarien","NA","NA","NA","NA","NA","16033.51.0\n130.0.6723.101","16063.23.0\n131.0.6778.29","16082.0.0\n132.0.6807.0","16086.0.0\n132.0.6812.0","NA","Dell Latitude 5300 2-in-1 Chromebook Enterprise"
"arcada","NA","NA","NA","NA","NA","16033.51.0\n130.0.6723.101","16063.23.0\n131.0.6778.29","16082.0.0\n132.0.6807.0","16086.0.0\n132.0.6812.0","NA","Dell Latitude 5300 2-in-1 Chromebook Enterprise"
"scarlet","NA","NA","NA","NA","NA","15509.81.0\n116.0.5845.210","15509.57.0\n116.0.5845.102","15509.27.0\n116.0.5845.39","15829.0.0\n125.0.6371.0","NA","Acer Chromebook Tab 10"
"dru","NA","NA","NA","NA","NA","15509.81.0\n116.0.5845.210","15509.57.0\n116.0.5845.102","15509.27.0\n116.0.5845.39","15829.0.0\n125.0.6371.0","NA","Acer Chromebook Tab 10"
"druwl","NA","NA","NA","NA","NA","15509.81.0\n116.0.5845.210","15509.57.0\n116.0.5845.102","15509.27.0\n116.0.5845.39","15829.0.0\n125.0.6371.0","NA","CTL Chromebook Tablet Tx1 for Education, AOpen Chromebook Commercial Tab"
"dumo","NA","NA","NA","NA","NA","15509.81.0\n116.0.5845.210","15509.57.0\n116.0.5845.102","15509.27.0\n116.0.5845.39","15829.0.0\n125.0.6371.0","NA","ASUS Chromebook Tablet CT100"
"sentry","NA","NA","NA","NA","NA","15437.42.0\n114.0.5735.119","15437.31.0\n114.0.5735.84","15437.8.0\n114.0.5735.12","15435.0.0\n114.0.5728.0","NA","Lenovo ThinkPad 13"
"setzer","NA","NA","NA","NA","NA","14816.131.0\n103.0.5060.132","14816.64.0\n103.0.5060.53","14816.17.0\n103.0.5060.15","14803.0.0\n103.0.5045.0","NA","Chromebook 11-v0"
"skyrim","NA","NA","NA","NA","NA","16033.51.0\n130.0.6723.101","16063.23.0\n131.0.6778.29","16082.0.0\n132.0.6807.0","16086.0.0\n132.0.6812.0","NA","ASUS Chromebook Plus CM34 Flip, ASUS Chromebook CM34 Flip"
"frostflow","NA","NA","NA","NA","NA","16033.51.0\n130.0.6723.101","16063.23.0\n131.0.6778.29","16082.0.0\n132.0.6807.0","16086.0.0\n132.0.6812.0","NA","ASUS Chromebook Plus CM34 Flip, ASUS Chromebook CM34 Flip"
"markarth","NA","NA","NA","NA","NA","16033.51.0\n130.0.6723.101","16063.23.0\n131.0.6778.29","16082.0.0\n132.0.6807.0","16086.0.0\n132.0.6812.0","NA","Acer Chromebook Plus 514 (CB514-3H, CB514-3HT)"
"whiterun","NA","NA","NA","NA","NA","16033.51.0\n130.0.6723.101","16063.23.0\n131.0.6778.29","16082.0.0\n132.0.6807.0","16086.0.0\n132.0.6812.0","NA","Dell Latitude 3445 Chromebook"
"snappy","NA","NA","NA","NA","NA","No Update","16063.13.0\n131.0.6778.17","16082.0.0\n132.0.6807.0","16086.0.0\n132.0.6812.0","NA","HP Chromebook 11 G6 EE / Chromebook 11a"
"alan","NA","NA","NA","NA","NA","No Update","16063.13.0\n131.0.6778.17","16082.0.0\n132.0.6807.0","16086.0.0\n132.0.6812.0","NA","HP Chromebook 11 G6 EE / Chromebook 11a"
"bigdaddy","NA","NA","NA","NA","NA","No Update","16063.13.0\n131.0.6778.17","16082.0.0\n132.0.6807.0","16086.0.0\n132.0.6812.0","NA","Chromebook 14-ca1 / Chromebook 14-ca0"
"soraka","NA","NA","NA","NA","NA","No Update","16063.23.0\n131.0.6778.29","16082.0.0\n132.0.6807.0","16086.0.0\n132.0.6812.0","NA","Chromebook x2 12-f0"
"squawks","NA","NA","NA","NA","NA","12239.92.0\n76.0.3809.136","12239.67.0\n76.0.3809.102","12239.19.0\n76.0.3809.38","12240.0.0\n76.0.3807.0","NA","ASUS Chromebook C200"
"staryu","NA","NA","NA","NA","NA","16033.51.0\n130.0.6723.101","16063.23.0\n131.0.6778.29","16082.0.0\n132.0.6807.0","16086.0.0\n132.0.6812.0","NA","ASUS Chromebook CM30, ASUS Chromebook CM3001"
"starmie","NA","NA","NA","NA","NA","16033.51.0\n130.0.6723.101","16063.23.0\n131.0.6778.29","16082.0.0\n132.0.6807.0","16086.0.0\n132.0.6812.0","NA","ASUS Chromebook CM30, ASUS Chromebook CM3001"
"wugtrio","NA","NA","NA","NA","NA","16033.51.0\n130.0.6723.101","16063.23.0\n131.0.6778.29","16082.0.0\n132.0.6807.0","16086.0.0\n132.0.6812.0","NA","Dynabook Chromebook C70"
"stout","NA","NA","NA","NA","NA","10895.78.0\n69.0.3497.120","10895.56.0\n69.0.3497.95","10895.21.0\n69.0.3497.35","10894.0.0\n69.0.3496.0","NA","Lenovo Thinkpad X131e Chromebook"
"strongbad","NA","NA","NA","NA","NA","16033.51.0\n130.0.6723.101","16063.23.0\n131.0.6778.29","16082.0.0\n132.0.6807.0","16086.0.0\n132.0.6812.0","NA","Chromebook x2 11-da0"
"coachz","NA","NA","NA","NA","NA","16033.51.0\n130.0.6723.101","16063.23.0\n131.0.6778.29","16082.0.0\n132.0.6807.0","16086.0.0\n132.0.6812.0","NA","Chromebook x2 11-da0"
"homestar","NA","NA","NA","NA","NA","16033.51.0\n130.0.6723.101","16063.23.0\n131.0.6778.29","16082.0.0\n132.0.6807.0","16086.0.0\n132.0.6812.0","NA","Lenovo Chromebook Duet 5 / IdeaPad Duet 5 Chromebook"
"quackingstick","NA","NA","NA","NA","NA","16033.51.0\n130.0.6723.101","16063.23.0\n131.0.6778.29","16082.0.0\n132.0.6807.0","16086.0.0\n132.0.6812.0","NA","Acer Chromebook Tab 510 / Enterprise Tab 510"
"wormdingler","NA","NA","NA","NA","NA","16033.51.0\n130.0.6723.101","16063.23.0\n131.0.6778.29","16082.0.0\n132.0.6807.0","16086.0.0\n132.0.6812.0","NA","Lenovo Chromebook Duet 3 / IdeaPad Duet 3 Chromebook / Lenovo Duet Chromebook Education Edition"
"stumpy","NA","NA","NA","NA","NA","10323.67.9\n65.0.3325.209","10323.58.0\n65.0.3325.167","10323.30.0\n65.0.3325.65","10322.0.0\n65.0.3324.0","NA","Samsung Chromebox Series 3"
"sumo","NA","NA","NA","NA","NA","13982.88.0\n92.0.4515.162","14092.46.0\n93.0.4577.69","14092.9.0\n93.0.4577.10","14091.0.0\n93.0.4575.0","NA","AOpen Chromebase Commercial"
"swanky","NA","NA","NA","NA","NA","13982.82.0\n92.0.4515.157","14092.28.0\n93.0.4577.36","14092.9.0\n93.0.4577.10","14091.0.0\n93.0.4575.0","NA","Toshiba Chromebook 2"
"terra","NA","NA","NA","NA","NA","14816.131.0\n103.0.5060.132","14816.64.0\n103.0.5060.53","14816.17.0\n103.0.5060.15","14803.0.0\n103.0.5045.0","NA","ASUS Chromebook C202SA, ASUS Chromebook C300SA / C301SA"
"tidus","NA","NA","NA","NA","NA","13904.97.0\n91.0.4472.167","13904.37.0\n91.0.4472.66","13904.4.0\n91.0.4472.10","13900.0.0\n91.0.4468.3","NA","Lenovo ThinkCentre Chromebox"
"tricky","NA","NA","NA","NA","NA","12239.92.2\n76.0.3809.136","12239.67.0\n76.0.3809.102","12239.19.0\n76.0.3809.38","12240.0.0\n76.0.3807.0","NA","Dell Chromebox"
"trogdor","NA","NA","NA","NA","NA","16033.51.0\n130.0.6723.101","16063.23.0\n131.0.6778.29","16082.0.0\n132.0.6807.0","16086.0.0\n132.0.6812.0","NA","HP Fortis 11 G9 Q Chromebook/Chromebook Enterprise"
"kingoftown","NA","NA","NA","NA","NA","16033.51.0\n130.0.6723.101","16063.23.0\n131.0.6778.29","16082.0.0\n132.0.6807.0","16086.0.0\n132.0.6812.0","NA","HP Fortis 11 G9 Q Chromebook/Chromebook Enterprise"
"lazor","NA","NA","NA","NA","NA","16033.51.0\n130.0.6723.101","16063.23.0\n131.0.6778.29","16082.0.0\n132.0.6807.0","16086.0.0\n132.0.6812.0","NA","Acer Chromebook Spin 513, CP513-1H/1HL, R841T/LT"
"limozeen","NA","NA","NA","NA","NA","16033.51.0\n130.0.6723.101","16063.23.0\n131.0.6778.29","16082.0.0\n132.0.6807.0","16086.0.0\n132.0.6812.0","NA","Acer Chromebook 511 (C741L/C741LT)"
"pazquel","NA","NA","NA","NA","NA","16033.51.0\n130.0.6723.101","16063.23.0\n131.0.6778.29","16082.0.0\n132.0.6807.0","16086.0.0\n132.0.6812.0","NA","Libera-Merdeka Chromebook C100/C110/C120/C150, Orbic Chromebook"
"pazquel360","NA","NA","NA","NA","NA","16033.51.0\n130.0.6723.101","16063.23.0\n131.0.6778.29","16082.0.0\n132.0.6807.0","16086.0.0\n132.0.6812.0","NA","Prowise Chromebook 360 G1"
"pompom","NA","NA","NA","NA","NA","16033.51.0\n130.0.6723.101","16063.23.0\n131.0.6778.29","16082.0.0\n132.0.6807.0","16086.0.0\n132.0.6812.0","NA","Dynabook Chromebook C1"
"ultima","NA","NA","NA","NA","NA","14816.131.0\n103.0.5060.132","14816.64.0\n103.0.5060.53","14816.17.0\n103.0.5060.15","14803.0.0\n103.0.5045.0","NA","Lenovo ThinkPad 11e 3rd Gen Chromebook"
"veyron-fievel","NA","NA","NA","NA","NA","14388.62.1\n98.0.4758.107","14388.44.0\n98.0.4758.79","14388.1.0\n98.0.4758.0","14388.0.0\n98.0.4754.0","NA","AOpen Chromebox Mini"
"veyron-jaq","NA","NA","NA","NA","NA","13099.110.0\n84.0.4147.136","13099.72.0\n84.0.4147.94","13099.14.0\n84.0.4147.21","13098.0.0\n84.0.4142.0","NA","Lava Xolo Chromebook, True IDC Chromebook 11, Haier Chromebook 11, Medion Chromebook Akoya S2013"
"veyron-jerry","NA","NA","NA","NA","NA","13099.110.0\n84.0.4147.136","13099.72.0\n84.0.4147.94","13099.14.0\n84.0.4147.21","13098.0.0\n84.0.4142.0","NA","Poin2 Chromebook 11, Mecer Chromebook, Epik 11.6"" Chromebook  ELB1101, HiSense Chromebook 11, Positivo Chromebook CH1190, CTL J2 / J4 Chromebook, NComputing Chromebook CX100, VideoNet Chromebook BL10, EduGear Chromebook K"
"veyron-mickey","NA","NA","NA","NA","NA","13421.102.0\n86.0.4240.199","13421.53.0\n86.0.4240.77","13421.17.0\n86.0.4240.15","13407.0.0\n86.0.4232.0","NA","ASUS Chromebit CS10"
"veyron-mighty","NA","NA","NA","NA","NA","13099.110.0\n84.0.4147.136","13099.72.0\n84.0.4147.94","13099.14.0\n84.0.4147.21","13098.0.0\n84.0.4142.0","NA","Nexian Chromebook 11.6"", Haier Chromebook 11e, PCMerge Chromebook PCM-116E/PCM-116EB, EduGear Chromebook M, MEDION Chromebook S2015, Viglen Chromebook 11, Prowise Chromebook Entryline, Lumos Education Chromebook, Sector 5 E1 Rugged Chromebook"
"veyron-minnie","NA","NA","NA","NA","NA","13099.110.0\n84.0.4147.136","13099.72.0\n84.0.4147.94","13099.14.0\n84.0.4147.21","13098.0.0\n84.0.4142.0","NA","ASUS Chromebook Flip C100PA"
"veyron-speedy","NA","NA","NA","NA","NA","13099.110.0\n84.0.4147.136","13099.72.0\n84.0.4147.94","13099.14.0\n84.0.4147.21","13098.0.0\n84.0.4142.0","NA","ASUS Chromebook C201PA"
"veyron-tiger","NA","NA","NA","NA","NA","14388.61.0\n98.0.4758.107","14388.44.0\n98.0.4758.79","14388.8.0\n98.0.4758.14","14388.0.0\n98.0.4754.0","NA","AOpen Chromebase Mini"
"volteer","NA","NA","NA","NA","NA","16033.51.0\n130.0.6723.101","16063.23.0\n131.0.6778.29","16082.0.0\n132.0.6807.0","16086.0.0\n132.0.6812.0","NA","FMV Chromebook 14F, FMV Chromebook WM1/F3"
"chronicler","NA","NA","NA","NA","NA","16033.51.0\n130.0.6723.101","16063.23.0\n131.0.6778.29","16082.0.0\n132.0.6807.0","16086.0.0\n132.0.6812.0","NA","FMV Chromebook 14F, FMV Chromebook WM1/F3"
"collis","NA","NA","NA","NA","NA","16033.51.0\n130.0.6723.101","16063.23.0\n131.0.6778.29","16082.0.0\n132.0.6807.0","16086.0.0\n132.0.6812.0","NA","ASUS Chromebook Flip CX3"
"copano","NA","NA","NA","NA","NA","16033.51.0\n130.0.6723.101","16063.23.0\n131.0.6778.29","16082.0.0\n132.0.6807.0","16086.0.0\n132.0.6812.0","NA","ASUS Chromebook Flip CX5 (CX5400)"
"delbin","NA","NA","NA","NA","NA","16033.51.0\n130.0.6723.101","16063.23.0\n131.0.6778.29","16082.0.0\n132.0.6807.0","16086.0.0\n132.0.6812.0","NA","ASUS Chromebook Flip CX5 (CX5500), ASUS Chromebook Flip C536, ASUS Chromebook Vibe CX55 Flip"
"drobit","NA","NA","NA","NA","NA","16033.51.0\n130.0.6723.101","16063.23.0\n131.0.6778.29","16082.0.0\n132.0.6807.0","16086.0.0\n132.0.6812.0","NA","ASUS Chromebook CX9 (CX9400)"
"eldrid","NA","NA","NA","NA","NA","16033.51.0\n130.0.6723.101","16063.23.0\n131.0.6778.29","16082.0.0\n132.0.6807.0","16086.0.0\n132.0.6812.0","NA","Chromebook x360 14c-cc0"
"elemi","NA","NA","NA","NA","NA","16033.51.0\n130.0.6723.101","16063.23.0\n131.0.6778.29","16082.0.0\n132.0.6807.0","16086.0.0\n132.0.6812.0","NA","Chromebook 14b-nb0"
"lillipup","NA","NA","NA","NA","NA","16033.51.0\n130.0.6723.101","16063.23.0\n131.0.6778.29","16082.0.0\n132.0.6807.0","16086.0.0\n132.0.6812.0","NA","IdeaPad Flex 5i Chromebook (13"", 6)"
"lindar","NA","NA","NA","NA","NA","16033.51.0\n130.0.6723.101","16063.23.0\n131.0.6778.29","16082.0.0\n132.0.6807.0","16086.0.0\n132.0.6812.0","NA","Lenovo Slim 5 Chromebook, Lenovo 5i-14 Chromebook"
"voema","NA","NA","NA","NA","NA","16033.51.0\n130.0.6723.101","16063.23.0\n131.0.6778.29","16082.0.0\n132.0.6807.0","16086.0.0\n132.0.6812.0","NA","Acer Chromebook Spin 514 (CP514-2H)"
"volet","NA","NA","NA","NA","NA","16033.51.0\n130.0.6723.101","16063.23.0\n131.0.6778.29","16082.0.0\n132.0.6807.0","16086.0.0\n132.0.6812.0","NA","Acer Chromebook 515 (CB515-1W/CB515-1WT)"
"volta","NA","NA","NA","NA","NA","16033.51.0\n130.0.6723.101","16063.23.0\n131.0.6778.29","16082.0.0\n132.0.6807.0","16086.0.0\n132.0.6812.0","NA","Acer Chromebook 514 (CB514-1W/CB514-1WT)"
"voxel","NA","NA","NA","NA","NA","16033.51.0\n130.0.6723.101","16063.23.0\n131.0.6778.29","16082.0.0\n132.0.6807.0","16086.0.0\n132.0.6812.0","NA","Acer Chromebook Spin 713 (CP713-3W)"
"winky","NA","NA","NA","NA","NA","13982.88.0\n92.0.4515.162","14092.46.0\n93.0.4577.69","14092.9.0\n93.0.4577.10","14091.0.0\n93.0.4575.0","NA","Samsung Chromebook 2 11"" - XE500C12"
"wizpig","NA","NA","NA","NA","NA","14816.131.0\n103.0.5060.132","14816.64.0\n103.0.5060.53","14816.17.0\n103.0.5060.15","14803.0.0\n103.0.5045.0","NA","PCMerge Chromebook PCM-116T-432B, Multilaser Chromebook M11C, Edugear CMT Chromebook, Prowise Chromebook Proline, Haier Chromebook 11 C, Viglen Chromebook 360, CTL J5 Chromebook"
"wolf","NA","NA","NA","NA","NA","12239.92.1\n76.0.3809.136","12239.67.0\n76.0.3809.102","12239.19.0\n76.0.3809.38","12240.0.0\n76.0.3807.0","NA","Dell Chromebook 11"
"x86-alex-he","NA","NA","NA","NA","NA","9334.72.0\n58.0.3029.140","9334.58.0\n58.0.3029.89","9334.18.0\n58.0.3029.31","9366.0.0\n59.0.3040.0","NA","Samsung Chromebook Series 5"
"x86-mario","NA","NA","NA","NA","NA","9000.91.0\n56.0.2924.110","9000.82.0\n56.0.2924.87","9000.26.0\n56.0.2924.26","8992.0.0\n56.0.2920.0","NA","Google Cr-48"
"x86-zgb-he","NA","NA","NA","NA","NA","9334.72.0\n58.0.3029.140","9334.58.0\n58.0.3029.89","9334.18.0\n58.0.3029.31","9366.0.0\n59.0.3040.0","NA","Acer AC700"
"zako","NA","NA","NA","NA","NA","12239.92.4\n76.0.3809.136","12239.67.0\n76.0.3809.102","12239.19.0\n76.0.3809.38","12240.0.0\n76.0.3807.0","NA","HP Chromebox G1"
"zork","NA","NA","NA","NA","NA","16033.51.0\n130.0.6723.101","16063.23.0\n131.0.6778.29","16082.0.0\n132.0.6807.0","16086.0.0\n132.0.6812.0","NA","Chromebook 14b-na0"
"berknip","NA","NA","NA","NA","NA","16033.51.0\n130.0.6723.101","16063.23.0\n131.0.6778.29","16082.0.0\n132.0.6807.0","16086.0.0\n132.0.6812.0","NA","Chromebook 14b-na0"
"dirinboz","NA","NA","NA","NA","NA","16033.51.0\n130.0.6723.101","16063.23.0\n131.0.6778.29","16082.0.0\n132.0.6807.0","16086.0.0\n132.0.6812.0","NA","HP Chromebook 14a-nd0"
"ezkinil","NA","NA","NA","NA","NA","16033.51.0\n130.0.6723.101","16063.23.0\n131.0.6778.29","16082.0.0\n132.0.6807.0","16086.0.0\n132.0.6812.0","NA","Acer Chromebook Spin 514  (CP514-1H, CP514-1W, CP514-1WH, CP514-1HH)"
"gumboz","NA","NA","NA","NA","NA","16033.51.0\n130.0.6723.101","16063.23.0\n131.0.6778.29","16082.0.0\n132.0.6807.0","16086.0.0\n132.0.6812.0","NA","HP Chromebook x360 14a-cb0"
"jelboz360","NA","NA","NA","NA","NA","16033.51.0\n130.0.6723.101","16063.23.0\n131.0.6778.29","16082.0.0\n132.0.6807.0","16086.0.0\n132.0.6812.0","NA","ASUS Chromebook Flip CM1 (CM1400)"
"morphius","NA","NA","NA","NA","NA","16033.51.0\n130.0.6723.101","16063.23.0\n131.0.6778.29","16082.0.0\n132.0.6807.0","16086.0.0\n132.0.6812.0","NA","Lenovo ThinkPad C13 Yoga Chromebook / Lenovo ThinkPad C13 Yoga Chromebook Enterprise"
"vilboz","NA","NA","NA","NA","NA","16033.51.0\n130.0.6723.101","16063.23.0\n131.0.6778.29","16082.0.0\n132.0.6807.0","16086.0.0\n132.0.6812.0","NA","Lenovo 100e Chromebook Gen 3"
"vilboz14","NA","NA","NA","NA","NA","16033.51.0\n130.0.6723.101","16063.23.0\n131.0.6778.29","16082.0.0\n132.0.6807.0","16086.0.0\n132.0.6812.0","NA","Lenovo 14e Chromebook Gen 2"
"vilboz360","NA","NA","NA","NA","NA","16033.51.0\n130.0.6723.101","16063.23.0\n131.0.6778.29","16082.0.0\n132.0.6807.0","16086.0.0\n132.0.6812.0","NA","NEC Chromebook Y1 Gen3A, Lenovo 300e Chromebook Gen 3"
"woomax","NA","NA","NA","NA","NA","16033.51.0\n130.0.6723.101","16063.23.0\n131.0.6778.29","16082.0.0\n132.0.6807.0","16086.0.0\n132.0.6812.0","NA","ASUS Chromebook Flip CM5"